LabelName;LabelNumber;LED_394_SEN_AVG;LED_445_SEN_AVG;LED_490_SEN_AVG;LED_558_SEN_AVG;LED_592_SEN_AVG;LED_640_SEN_AVG;LED_700_SEN_AVG;LED_750_SEN_AVG;LED_800_SEN_AVG;LED_849_SEN_AVG;LED_890_SEN_AVG;LED_950_SEN_AVG
data#2025-2-20_11-57-59_dataFiles#S0001_20250219_234134_Target_c3f28a94-fa54-4049-8053-737d770c5a1d_R0001;1;-440.37250000000000227;0;0.94034886736987710609;-2.6030244530244526224;0.90201085443918727069;0.94379244074311330337;0.79439903118377219737;0.94379164142943661187;0.94174765435653773338;0.93569453839592953148;0.83865784499054818468;0.88451815038893677468
data#2025-2-20_11-57-59_dataFiles#S0001_20250219_234134_Target_c3f28a94-fa54-4049-8053-737d770c5a1d_R0002;2;-432.77249999999997954;0;0.93402429534843500747;-3.608043758043757876;0.88575006957973834165;0.94558341722339156465;0.75758401453224333277;0.94863718958207143839;0.94249994000911863079;0.93725919825887460402;0.82557385903321633958;0.86727528089887628848
data#2025-2-20_11-57-59_dataFiles#S0001_20250219_234134_Target_c3f28a94-fa54-4049-8053-737d770c5a1d_R0003;3;-409.25999999999999091;0;0.9208001902126923266;-3.7315315315315311651;0.87464514333426102155;0.92796925048046119411;0.74349076597033003644;0.93891580860084800086;0.93566097953111126984;0.93133584306343930592;0.82249527410207945444;0.86214347450302497577
data#2025-2-20_11-57-59_dataFiles#S0002_20250219_234417_65_f3d6e601-26dc-4266-9984-c0338e6afd4f_R0001;4;-11.494999999999999218;0;0.13191250216150784969;-5.0923423423423423984;0.095713888115780673682;0.11796101400201336462;0.071904329397517396938;0.48026953361599022951;0.56704100976651539145;0.54167965648069171802;0.45947880097218468665;0.46104148660328431175
data#2025-2-20_11-57-59_dataFiles#S0002_20250219_234417_65_f3d6e601-26dc-4266-9984-c0338e6afd4f_R0002;5;-18.572500000000001563;0;0.078235777278229279297;-5.4053410553410552453;0.077866685221263567951;0.11029285256703577622;0.073630033303057826344;0.46700484554815258065;0.53824898615410454727;0.52608893856063054795;0.39867674858223062229;0.4089023336214346882
data#2025-2-20_11-57-59_dataFiles#S0002_20250219_234417_65_f3d6e601-26dc-4266-9984-c0338e6afd4f_R0003;6;-13.489999999999998437;0;0.081192720041500951456;-5.471364221364221514;0.081171722794322290206;0.13220188523840029071;0.075643354526188311127;0.44980314960629919074;0.53852254457322479286;0.52653598423575775911;0.40970834458547122914;0.37482713915298182528
data#2025-2-20_11-57-59_dataFiles#S0003_20250219_234559_42_491ff229-f13a-4ae6-a4be-068547b4e16b_R0001;7;-0.94999999999999995559;0;0.081192720041500951456;-5.3601029601029601679;0.047989145560812684899;0.10657179463713735423;0.033938843475628213686;0.40069654754694122856;0.41672065845991407285;0.39457368900914674414;0.31735079665136378679;0.37913785652549697458
data#2025-2-20_11-57-59_dataFiles#S0003_20250219_234559_42_491ff229-f13a-4ae6-a4be-068547b4e16b_R0002;8;0.56999999999999995115;0;0.07610020750475531004;-5.4652509652509646543;0.049046757584191483237;0.10119886519630273691;0.030775052982137451885;0.40632949727437916998;0.40242723106087868734;0.38482250522043465191;0.31452876046448818848;0.35778954191875539381
data#2025-2-20_11-57-59_dataFiles#S0003_20250219_234559_42_491ff229-f13a-4ae6-a4be-068547b4e16b_R0003;9;0.52249999999999996447;0;0.071213038215459101288;-5.4921492921492918171;0.039396047870860005646;0.098208108355449810767;0.019845594913714802859;0.39569957601453664697;0.35154536510450412612;0.33737978294756032493;0.28630839859573314898;0.34896283491789104048
data#2025-2-20_11-57-59_dataFiles#S0004_20250219_234747_54_fa1f66f2-1f8e-409d-8a2e-fc9b0b6dc5e6_R0001;10;-11.732499999999999929;0;0.10989970603492996148;-5.4652509652509646543;0.054467019204007788291;0.06494463256154479891;0.018407508325764456586;0.38419139915202904501;0.45723010102464423099;0.45947913296667747263;0.33300027005130972135;0.37954840103716508404
data#2025-2-20_11-57-59_dataFiles#S0004_20250219_234747_54_fa1f66f2-1f8e-409d-8a2e-fc9b0b6dc5e6_R0002;11;-13.205000000000000071;0;0.090597440774684415143;-5.5141570141570142027;0.063456721402727511716;0.079585430584789965125;0.018407508325764456586;0.36162931556632343932;0.43908405922299809099;0.43056086585688652102;0.31273291925465840357;0.34732065687121865816
data#2025-2-20_11-57-59_dataFiles#S0004_20250219_234747_54_fa1f66f2-1f8e-409d-8a2e-fc9b0b6dc5e6_R0003;12;-0.76000000000000000888;0;0.08131592598997058885;-5.5373873873873877827;0.017582799888672420024;0.069830694609682428253;0.0037390251286709055151;0.34314052089642638199;0.42488181796366947252;0.41049969118555335035;0.29580070213340536878;0.31057692307692308376
data#2025-2-20_11-57-59_dataFiles#S0005_20250219_235245_30_2094002c-5dc9-44a1-9ab0-eacecd7fc5f5_R0001;13;-20.804999999999996163;0;0.10115208369358463791;-5.2048262548262549387;0.090558029501809078621;0.13747048595222841061;0.12597638510445047233;0.54035433070866145666;0.59519473040097892191;0.5969456780682921293;0.47512827437213067672;0.57455704407951591062
data#2025-2-20_11-57-59_dataFiles#S0005_20250219_235245_30_2094002c-5dc9-44a1-9ab0-eacecd7fc5f5_R0002;14;-20.045000000000001705;0;0.11261023690126231722;-5.2769626769626762908;0.099018925688839409816;0.11590921570421890141;0.11188313654253707885;0.52565112053301032979;0.59033906846159378556;0.57188317990647330458;0.43485012152308938349;0.52939714779602409234
data#2025-2-20_11-57-59_dataFiles#S0005_20250219_235245_30_2094002c-5dc9-44a1-9ab0-eacecd7fc5f5_R0003;15;-17.242499999999996163;0;0.09437575652775374857;-5.3111969111969115076;0.093466462566100749765;0.11634391873341264068;0.10267938237965484882;0.5175196850393699588;0.59966285124661045103;0.58711067321549359477;0.43895490143127191551;0.5103068280034571691
data#2025-2-20_11-57-59_dataFiles#S0006_20250219_235407_59_6b79a20d-85f4-4bc2-926f-3c8485434cb8_R0001;16;-2.7075000000000000178;0;0.068297164101677326764;-5.3906692406692400255;0.044419704981909266528;0.11055367438455203366;-0.033363608840448075177;0.21041792852816473824;0.1763539941928826682;0.20293079615305431584;0.2157574939238455225;0.30749783923941226282
data#2025-2-20_11-57-59_dataFiles#S0006_20250219_235407_59_6b79a20d-85f4-4bc2-926f-3c8485434cb8_R0002;17;-8.8824999999999985079;0;0.094663237074182948749;-5.1779279279279277759;0.060680489841358195569;0.088227326805161515599;0.055510142294883435543;0.42545427013930947613;0.48392484342379959994;0.50348519161201144012;0.43382392654604373661;0.48875324114088158911
data#2025-2-20_11-57-59_dataFiles#S0006_20250219_235407_59_6b79a20d-85f4-4bc2-926f-3c8485434cb8_R0003;18;-14.439999999999999503;0;0.092938353795607803187;-4.8893822393822397032;0.069141386028388526763;0.10822366614807356344;0.074205267938237964853;0.43961235614778920722;0.5109159407770018646;0.53148142701685241462;0.44998649743451252236;0.4801318063958512905
data#2025-2-20_11-57-59_dataFiles#S0007_20250219_235538_72_ef9ec0fb-d96a-4de9-af45-50905dda08cb_R0001;19;-27.787499999999997868;0;0.11351374719003977376;-4.7157657657657656713;0.099018925688839409816;0.13251487141941978298;0.085709960641840748918;0.45687462144155055466;0.56216255129220360498;0.5446413340784095336;0.39123683499864975177;0.42840319792566977641
data#2025-2-20_11-57-59_dataFiles#S0007_20250219_235538_72_ef9ec0fb-d96a-4de9-af45-50905dda08cb_R0002;20;-21.707499999999999574;0;0.10332872211654849093;-4.8954954954954947866;0.095317283607013636448;0.13475793905005947759;0.079094762337269142183;0.47328891580860082966;0.57834809109015428152;0.55970118525925705022;0.37096948420199837848;0.41198141745894550914
data#2025-2-20_11-57-59_dataFiles#S0007_20250219_235538_72_ef9ec0fb-d96a-4de9-af45-50905dda08cb_R0003;21;-18.572500000000001563;0;0.12127572194362787328;-4.8123552123552117976;0.086327581408293899146;0.12875903724718584797;0.094338480169542840437;0.48376741368867354209;0.56514889736760010042;0.56445104555748359942;0.42741020793950851298;0.43907735522904062231
data#2025-2-20_11-57-59_dataFiles#S0008_20250219_235749_47_45c5f351-1756-4d44-aeec-af0e46e36b10_R0001;22;-10.544999999999999929;0;0.070925557669029901109;-4.877155727155726872;0.11990676315057054169;0.17551569506726458214;0.019557977596124733605;0.37315263476680798904;0.39447124037146352737;0.29228405046910382881;0.052592492573588979499;0.18043431287813310737
data#2025-2-20_11-57-59_dataFiles#S0008_20250219_235749_47_45c5f351-1756-4d44-aeec-af0e46e36b10_R0002;23;-16.862500000000000711;0;0.096059571156839010375;-4.0946589446589447547;0.12849986084052325563;0.13588816692596322744;0.003451407811080835393;0.33426711084191396139;0.45661459458162356739;0.40499544131054970864;0.10390224142587091427;0.23401037165082108626
data#2025-2-20_11-57-59_dataFiles#S0008_20250219_235749_47_45c5f351-1756-4d44-aeec-af0e46e36b10_R0003;24;-13.347500000000000142;0;0.089940342382846275027;-3.3525096525096524935;0.12625243529084329008;0.11594399194655440055;0.059824402058734488241;0.30189279224712289862;0.441226933506107033;0.41153348430928499146;0.18445854712395354236;0.26090103716508211695
data#2025-2-20_11-57-59_dataFiles#S0009_20250220_000020_66_e7a8b175-79ae-4a6d-9d67-ec18f0d8c6d5_R0001;25;-2.4224999999999998757;0;0.084601417949161331067;-4.7793436293436286633;0.061341497355969935856;0.077029376773130778244;0.10066606115652437792;0.47898243488794672862;0.55844671609915286226;0.53843857533601946486;0.39534161490683228379;0.50189066551426098073
data#2025-2-20_11-57-59_dataFiles#S0009_20250220_000020_66_e7a8b175-79ae-4a6d-9d67-ec18f0d8c6d5_R0002;26;-4.4649999999999998579;0;0.077291198339961952879;-4.0665379665379663976;0.076676871694962414616;0.13364509929532350507;0.066727217680896150354;0.30340702604482133742;0.29968324814628172215;0.32653892532572570406;0.27553335133675393998;0.47541054451166803174
data#2025-2-20_11-57-59_dataFiles#S0009_20250220_000020_66_e7a8b175-79ae-4a6d-9d67-ec18f0d8c6d5_R0003;27;-1.1875;0;0.089324312640498018667;-4.7720077220077223856;0.064910937934873361166;0.11672645739910314511;0.093475628216772632673;0.44415505754088430157;0.47273174477479423805;0.45308079174141935308;0.3394139886578450005;0.41916594641313742464
data#2025-2-20_11-57-59_dataFiles#S0010_20250220_000143_06_3da1d5e7-352d-4c22-ae8a-f2b2ce582922_R0001;28;-15.105000000000000426;0;0.081973024381808756722;-4.6864221364221370081;0.050236571110492622694;0.082541411183307406008;0.073054798667877687834;0.42266807995154448419;0.38708516305521561973;0.38865033381371133503;0.35326762084796109464;0.42245030250648224479
data#2025-2-20_11-57-59_dataFiles#S0010_20250220_000143_06_3da1d5e7-352d-4c22-ae8a-f2b2ce582922_R0002;29;-18.239999999999998437;0;0.0796321113608853548;-2.9135778635778635248;0.060151683829668796399;0.080767822824196935927;0.15128670905237662225;0.44208055723803751924;0.37032970988409757984;0.36523631657892413616;0.39662435862813932852;0.4563202247191011085
data#2025-2-20_11-57-59_dataFiles#S0010_20250220_000143_06_3da1d5e7-352d-4c22-ae8a-f2b2ce582922_R0003;30;-7.8374999999999994671;0;0.071295175514438868802;-4.9651866151866146382;0.041114667408850537333;0.076107806351240037124;0.028761731759006963632;0.31047849788007264582;0.19420368104048182922;0.19519131790241464608;0.12622198217661353969;0.31776145203111494375
data#2025-2-20_11-57-59_dataFiles#S0011_20250220_000319_60_e05dba13-9c18-4ca3-8e30-8a9f1f3c9156_R0001;31;-6.7449999999999992184;0;0.06480632889503716576;-4.7120978120978112003;0.030406345672140271813;0.065622769287087032164;0.046881622767181344025;0.41108419139915203244;0.33431118469992560094;0.331260845269256754;0.29041317850391573652;0.40130726015557477426
data#2025-2-20_11-57-59_dataFiles#S0011_20250220_000319_60_e05dba13-9c18-4ca3-8e30-8a9f1f3c9156_R0002;32;-33.914999999999999147;0;0.092733010548158398278;-3.8892535392535387828;0.047195936543278596553;0.082489246819804143418;0.078807145019679072928;0.44598728043609930927;0.46247330405778319662;0.43760183524014001355;0.39457196867404809026;0.42060285220397575223
data#2025-2-20_11-57-59_dataFiles#S0011_20250220_000319_60_e05dba13-9c18-4ca3-8e30-8a9f1f3c9156_R0003;33;-11.779999999999999361;0;0.089858205083866493634;-4.9492921492921491122;0.062399109379348727256;0.13609682437997622229;0.068740538904026635136;0.42362204724409446843;0.45387901039042061191;0.41388047410370282231;0.34377531731028893036;0.3813958513396715766
data#2025-2-20_11-57-59_dataFiles#S0012_20250220_000508_36_c0b001de-1426-4fb2-bc67-ada612f3f309_R0001;34;-50.397499999999993747;0;0.11449939477779698394;0.29099099099099096088;0.099018925688839409816;0.11077971995973277808;0.2217529518619436868;0.47725620835857057722;0.51460897943512584618;0.50619540601747003983;0.48231163921145014939;0.56039325842696630087
data#2025-2-20_11-57-59_dataFiles#S0012_20250220_000508_36_c0b001de-1426-4fb2-bc67-ada612f3f309_R0002;35;-19.474999999999997868;0;0.098195140930312979632;-4.4932432432432429792;0.091880044531032559196;0.11310972819621122054;0.12166212534059944739;0.47289521502119929997;0.48440357065726002972;0.48890032646098641189;0.41253038077234671643;0.49860630942091610507
data#2025-2-20_11-57-59_dataFiles#S0012_20250220_000508_36_c0b001de-1426-4fb2-bc67-ada612f3f309_R0003;36;-22.609999999999999432;0;0.094868580321632367536;-4.6057271557271555196;0.09425967158363483811;0.12715933009975288748;0.11677263094156827006;0.47191096305269530919;0.41498812180548555473;0.42354783682832852776;0.3920064812314339453;0.4764369057908383609
data#2025-2-20_11-57-59_dataFiles#S0013_20250220_000623_41_3923af63-68d5-430a-a239-5077cb3837d8_R0001;37;-10.117499999999999716;0;0.094704305723672832507;-5.1155727155727150901;0.049707765098803230464;0.097982062780269066349;-0.022434150772025429621;0.23717443973349486286;0.1628128524464281246;0.17068762683450486306;0.086713475560356467753;0.22497839239412273371
data#2025-2-20_11-57-59_dataFiles#S0013_20250220_000623_41_3923af63-68d5-430a-a239-5077cb3837d8_R0002;38;-9.2149999999999980815;0;0.080576690299152681218;-5.1962676962676956904;0.039396047870860005646;0.096104145694152098844;-0.022434150772025429621;0.26038764385221074837;0.19169606219854579132;0.19941031146142759733;0.13802322441263839559;0.23606309420916163355
data#2025-2-20_11-57-59_dataFiles#S0013_20250220_000623_41_3923af63-68d5-430a-a239-5077cb3837d8_R0003;39;-9.9274999999999984368;0;0.079796385958844875952;-4.702316602316602534;0.047195936543278596553;0.096156310057655347556;-0.029336966394187102142;0.17487886129618410158;0.13361049120533677326;0.13260492338460633244;0.049000810153929243163;0.18330812445980984582
data#2025-2-20_11-57-59_dataFiles#S0014_20250220_001110_48_0c00cf72-5f2e-49fd-9777-19a0d6fd99a6_R0001;40;-14.582499999999999574;0;0.10961222548850077518;-4.2279279279279275983;0.095317283607013636448;0.17876727372563375185;0.079382379654859211437;0.33579648697758929243;0.21613394763995871783;0.20770859680597628105;0.13314879827167161452;0.29702895419187552717
data#2025-2-20_11-57-59_dataFiles#S0014_20250220_001110_48_0c00cf72-5f2e-49fd-9777-19a0d6fd99a6_R0002;41;-20.852499999999999147;0;0.14653294137990660606;-4.7157657657657656713;0.095713888115780673682;0.15578017754186876398;0.093475628216772632673;0.40449727437916410677;0.30380942096801283325;0.28186229816770091983;0.25937078044828515422;0.35204191875540186141
data#2025-2-20_11-57-59_dataFiles#S0014_20250220_001110_48_0c00cf72-5f2e-49fd-9777-19a0d6fd99a6_R0003;42;-14.487499999999998934;0;0.12723067611966104584;-4.8331402831402829889;0.090293626495964368628;0.1511549373112473782;0.06528913109294580408;0.37212295578437309951;0.3067957670434093842;0.31748625040439987233;0.31555495544153389087;0.33007778738115817196
data#2025-2-20_11-57-59_dataFiles#S0015_20250220_001223_24_0b2dc0c0-bc91-4ea6-9551-6db71f34dab3_R0001;43;-18.335000000000000853;0;0.11532076776759467296;-3.9332689832689826659;0.10483579181742276598;0.1400787041273908462;0.12827732364517105412;0.48051181102362205966;0.52012574088738516842;0.51225846298638266774;0.4084256008641641289;0.46945764909248055563
data#2025-2-20_11-57-59_dataFiles#S0015_20250220_001223_24_0b2dc0c0-bc91-4ea6-9551-6db71f34dab3_R0002;44;-21.375;0;0.1209882413971986731;-3.3341698841698836908;0.12479821875869745451;0.15515420517982977944;0.19788071450196792478;0.48373712901271959108;0.51823362848846976636;0.51292903149907353999;0.47102349446394814469;0.51092264477095938879
data#2025-2-20_11-57-59_dataFiles#S0015_20250220_001223_24_0b2dc0c0-bc91-4ea6-9551-6db71f34dab3_R0003;45;-20.567499999999999005;0;0.12382197821200069399;-3.5542471042471039944;0.12255079320901753059;0.15238949391415759771;0.16681804420224038976;0.47483343428225316396;0.51221534326782336422;0.50541307608599739254;0.43202808533621384068;0.4749999999999999778
data#2025-2-20_11-57-59_dataFiles#S0016_20250220_001346_71_f297b230-b95e-466c-a896-2445e9ac7730_R0001;46;-12.539999999999999147;0;0.10328765346705860717;-4.3440797940797937216;0.090954634010576115855;0.12802873615814039376;0.12482591583409022307;0.40154451847365230099;0.3393036258488709711;0.34162671686126877546;0.35685930326762083098;0.38673292999135694403
data#2025-2-20_11-57-59_dataFiles#S0016_20250220_001346_71_f297b230-b95e-466c-a896-2445e9ac7730_R0002;47;-18.335000000000000853;0;0.12714853882068130608;-4.1350064350064350549;0.09478847759532423034;0.12656813398004940208;0.067014834998486219608;0.25093882495457298099;0.16388428958798262336;0.1665803946942737146;0.12057790980286253735;0.28697061365600690097
data#2025-2-20_11-57-59_dataFiles#S0016_20250220_001346_71_f297b230-b95e-466c-a896-2445e9ac7730_R0003;48;-9.1199999999999992184;0;0.082219436278748045388;-5.0336550836550832955;0.069934595045922615109;0.097721240962752808912;-0.014093248561913410827;0.18753785584494242489;0.1394464041465697246;0.13741066439222376916;0.040021604104779909261;0.16339671564390664815
data#2025-2-20_11-57-59_dataFiles#S0017_20250220_001512_53_bd716a7d-4e54-4fae-97b3-68bc121a6691_R0001;49;-34.342499999999994031;0;0.078975012969047200806;-1.9012226512226511055;0.082890342332312821894;0.087305756383270802234;0.3672873145625188962;0.46561175045427011243;0.51299042545533080073;0.510833504896914814;0.60365919524709688027;0.5289866032843560939
data#2025-2-20_11-57-59_dataFiles#S0017_20250220_001512_53_bd716a7d-4e54-4fae-97b3-68bc121a6691_R0002;50;-18.857500000000001705;0;0.1222203008818951997;-1.7740669240669237894;0.12334400222655163282;0.14315640157408254796;0.17573418104753252278;0.38349485160508778314;0.27834569145489884701;0.28778565336313638445;0.37917904401836349804;0.40356525496974937628
data#2025-2-20_11-57-59_dataFiles#S0017_20250220_001512_53_bd716a7d-4e54-4fae-97b3-68bc121a6691_R0003;51;-8.3599999999999994316;0;0.096182777105308661647;-4.7610038610038607487;0.06781937099916503231;0.12684634391873342296;0.010066606115652436057;0.22731677771047847925;0.1540133899647253557;0.15956736566571572133;0.077990818255468538633;0.24201598962834916517
data#2025-2-20_11-57-59_dataFiles#S0018_20250220_001640_12_90cc4cab-f2b1-47eb-b40f-4f365fadf69a_R0001;52;-19.522500000000000853;0;0.094088275981324562269;-0.8778635778635778264;0.16128583356526579595;0.10905829596412555671;0.49901604601877075362;0.44724409448818897017;0.53097689151249005679;0.52259639422369930095;0.64291115311909263763;0.59056828003457217946
data#2025-2-20_11-57-59_dataFiles#S0018_20250220_001640_12_90cc4cab-f2b1-47eb-b40f-4f365fadf69a_R0002;53;-15.77000000000000135;0;0.08349256441293446962;-3.1055341055341054712;0.066629557472863892853;0.095878100118971340549;0.098652739933393879257;0.42760448213204116374;0.51089314424207521448;0.51164377518308279402;0.40868214960842558225;0.4339455488331893096
data#2025-2-20_11-57-59_dataFiles#S0018_20250220_001640_12_90cc4cab-f2b1-47eb-b40f-4f365fadf69a_R0003;54;-15.389999999999998792;0;0.082219436278748045388;-4.3722007722007720787;0.063192318396882815601;0.10222476434519996158;0.083409022101120194881;0.41376438522107811258;0.35553475871667500341;0.35607188023881652938;0.34659735349716441766;0.40767070008643041534
data#2025-2-20_11-57-59_dataFiles#S0019_20250220_001806_04_8579048f-c2d6-44cb-a682-dcb31a7b2147_R0001;55;-9.6425000000000000711;0;0.085176379042019703669;-3.8244530244530245966;0.058036459782911213601;0.083149995424178640979;0.088586133817741441465;0.48475166565717747735;0.58185875746886472903;0.5597850063233433815;0.45101269241155816925;0.46473638720829729687
data#2025-2-20_11-57-59_dataFiles#S0019_20250220_001806_04_8579048f-c2d6-44cb-a682-dcb31a7b2147_R0002;56;-14.344999999999998863;0;0.082753328722116548111;-4.2181467181467171557;0.06781937099916503231;0.1015640157408254779;0.11533454435361790991;0.50384615384615383249;0.432153912605283963;0.39010323225787474355;0.37045638671347552728;0.44872515125324113905
data#2025-2-20_11-57-59_dataFiles#S0019_20250220_001806_04_8579048f-c2d6-44cb-a682-dcb31a7b2147_R0003;57;-14.25;0;0.09704521874459622055;-4.3294079794079785017;0.085137767881992759689;0.12157774320490527531;0.113321223130487439;0.48917322834645665663;0.52523216471096390023;0.5111687891532601391;0.4145827707264380102;0.48300561797752805671
data#2025-2-20_11-57-59_dataFiles#S0020_20250220_001922_70_4af6d05a-5e86-44d5-82d9-e8269e1dbe3a_R0001;58;-2.2799999999999998046;0;0.071254106864948985045;-5.2084942084942076335;0.023531867520178124248;0.0976690765992495602;-0.11993642143505903186;0.10069654754694123966;0.11457538454154968244;0.11466721567012733152;0.030529300567107751918;0.07102420051858254757
data#2025-2-20_11-57-59_dataFiles#S0020_20250220_001922_70_4af6d05a-5e86-44d5-82d9-e8269e1dbe3a_R0002;59;-18.667499999999996874;0;0.10862657790074355113;-4.9835263835263825527;0.059622877817979404169;0.10311155852475518968;-0.021858916136845291112;0.11600545124167171984;0.12843567777697789678;0.12078615334843093021;0.060802052389954085176;0.14943820224719100986
data#2025-2-20_11-57-59_dataFiles#S0020_20250220_001922_70_4af6d05a-5e86-44d5-82d9-e8269e1dbe3a_R0003;60;-9.9749999999999996447;0;0.088174390454781259585;-4.9199485199485195608;0.062927915391038119486;0.087914340624142023328;-0.038253103239479259445;0.14695639006662628012;0.14339020468888730164;0.15009558542395809444;0.13109640831758034851;0.22990492653414001945
data#2025-2-20_11-57-59_dataFiles#S0021_20250220_002032_23_641d1201-9117-4647-a1f4-7cfb283a5198_R0001;61;-17.004999999999999005;0;0.081110582742521183941;-2.1286357786357785749;0.049839966601725578521;0.082906561727830146991;0.12310021192854980754;0.47256208358570561678;0.51980658939841140054;0.50661451133790180723;0.40406427221172019904;0.51379645635263604397
data#2025-2-20_11-57-59_dataFiles#S0021_20250220_002032_23_641d1201-9117-4647-a1f4-7cfb283a5198_R0002;62;-8.6449999999999995737;0;0.080083866505274076131;-3.5432432432432432456;0.05195519064848316132;0.082767456758488150426;0.17141992128368149784;0.48923379769836461417;0.54023228469272666086;0.51781859357077730799;0.47923305428031326425;0.57578867761452023899
data#2025-2-20_11-57-59_dataFiles#S0021_20250220_002032_23_641d1201-9117-4647-a1f4-7cfb283a5198_R0003;63;-14.724999999999999645;0;0.088338665052740780737;-3.8611325611325608698;0.070595602560534376213;0.092087489704401934154;0.12655161973963063859;0.47213809812235008057;0.55828714035466608934;0.57140819387665064966;0.5015527950310558758;0.54725583405358690925
data#2025-2-20_11-57-59_dataFiles#S0022_20250220_002203_11_84f4cad9-c26b-4098-8eea-843c3f789772_R0001;64;-13.0625;0;0.085751340134878090149;-2.6299227799227797853;0.090161424993042013631;0.093756749336505892933;0.21801392673327277261;0.46751968503937008093;0.37917476543565376002;0.36342019352371984775;0.38148798271671613414;0.50291702679343130988
data#2025-2-20_11-57-59_dataFiles#S0022_20250220_002203_11_84f4cad9-c26b-4098-8eea-843c3f789772_R0002;65;-10.022500000000000853;0;0.070925557669029901109;-4.1447876447876446093;0.051294183133871414093;0.083341264757023886256;0.098940357250983962389;0.46499091459721381137;0.4693350610707172077;0.41748477985941584434;0.32273832028085336354;0.43928262748487462153
data#2025-2-20_11-57-59_dataFiles#S0022_20250220_002203_11_84f4cad9-c26b-4098-8eea-843c3f789772_R0003;66;-15.627499999999997726;0;0.085710271485388206392;-4.1484555984555981922;0.061870303367659328087;0.098712363869314534437;0.10699364214350590152;0.48161720169594185448;0.46354474119933769538;0.43472397870650858476;0.39995949230353766701;0.48752160760587720523
data#2025-2-20_11-57-59_dataFiles#S0023_20250220_002329_29_48735866-491e-4ce4-bb6d-9355e48683ab_R0001;67;-55.574999999999995737;0;0.16053735085595710608;6.7392535392535384275;0.28753826885610905828;0.16341356273451082548;0.62700575234635180788;0.595109024833434197;0.57356081875554920657;0.50306608629157967272;0.77631650013502562224;0.73179559204840094466
data#2025-2-20_11-57-59_dataFiles#S0023_20250220_002329_29_48735866-491e-4ce4-bb6d-9355e48683ab_R0002;68;-25.032499999999998863;0;0.1177438180874978424;-2.7680823680823678501;0.10880183690509322159;0.11926512308959458242;0.33795034816833180447;0.57808903694730462419;0.56904710484006426618;0.54573100791153206224;0.61571698622738324502;0.59508426966292138349
data#2025-2-20_11-57-59_dataFiles#S0023_20250220_002329_29_48735866-491e-4ce4-bb6d-9355e48683ab_R0003;69;-22.277499999999999858;0;0.12739495071762060863;-3.8550193050193048983;0.13722516003339826907;0.15741466093163722362;0.17141992128368149784;0.47562083585705633437;0.35257120917620521361;0.37493161965824534088;0.406629759654334344;0.48546888504753671345
data#2025-2-20_11-57-59_dataFiles#S0024_20250220_002438_52_7b5e8d37-89e3-4f3c-8bb4-636b13ae4f29_R0001;70;-10.924999999999998934;0;0.10004323015735777647;-4.797683397683397466;0.077337879209574175721;0.11180561910862998887;0.0086285195277020897836;0.25943367655966081964;0.17113358769467040821;0.18049469133260787057;0.1400756143667296616;0.23873163353500431727
data#2025-2-20_11-57-59_dataFiles#S0024_20250220_002438_52_7b5e8d37-89e3-4f3c-8bb4-636b13ae4f29_R0002;71;-13.632499999999998508;0;0.097661248486944490788;-4.9896396396396394124;0.070066796548844970105;0.10768463439187334063;-0.00057523463518013926831;0.25461841308297999964;0.17585247042449547727;0.18242257580659390626;0.13340534701593301237;0.24304235090751941106
data#2025-2-20_11-57-59_dataFiles#S0024_20250220_002438_52_7b5e8d37-89e3-4f3c-8bb4-636b13ae4f29_R0003;72;-24.557500000000000995;0;0.11844198512882586627;-1.8425353925353924467;0.20702755357639854306;0.21735151459687013231;0.29193157735392066821;0.17811932162325863627;0.15104984042425551038;0.15663362842269343278;0.37789630029705645331;0.40192307692307688294
data#2025-2-20_11-57-59_dataFiles#S0025_20250220_002556_34_be7fb708-012b-4422-9255-63cc7f0a07b8_R0001;73;-117.79999999999999716;0;0.16189261628912327007;19.132046332046328985;0.3594558864458669567;0.14759037247185868846;1.0250681198910081005;0.47060872198667469402;0.46117390156696180803;0.46277609482074050229;0.96616257088846868584;0.73323249783923938327
data#2025-2-20_11-57-59_dataFiles#S0025_20250220_002556_34_be7fb708-012b-4422-9255-63cc7f0a07b8_R0002;74;-29.639999999999997016;0;0.10168597613695312676;-4.286615186615185813;0.080907319788477594091;0.10879747414660931315;0.098940357250983962389;0.43026953361599029613;0.35033714875338944905;0.3442531102026410994;0.3445449635430731794;0.39350691443388075008
data#2025-2-20_11-57-59_dataFiles#S0025_20250220_002556_34_be7fb708-012b-4422-9255-63cc7f0a07b8_R0003;75;-48.497499999999995168;0;0.13581402386304683438;0.2628700128700128813;0.1397369885889228891;0.12552484670998445559;0.17803511958825310457;0.26202301635372499122;0.19620977611403064844;0.21670539101791122527;0.26681069403186602473;0.34218885047536734545
data#2025-2-20_11-57-59_dataFiles#S0026_20250220_002706_64_5e75f288-7423-4bdc-8f99-a614c30a4872_R0001;76;-3.0874999999999999112;0;0.080658827598132448733;-4.2694980694980690927;0.065307542443640412277;0.088331655532168013023;0.084559491371480458022;0.37233494851605086762;0.32138554939649166542;0.38281079968236225719;0.43048879287064539811;0.46309420916162485904
data#2025-2-20_11-57-59_dataFiles#S0026_20250220_002706_64_5e75f288-7423-4bdc-8f99-a614c30a4872_R0002;77;-9.9274999999999984368;0;0.084190731454262493494;-3.9381595881595883313;0.072446423601447262897;0.1078932918458863216;0.081395700877989710098;0.30372501514233796183;0.22853526264007870128;0.26205258668862679849;0.353524169592222548;0.39925453759723417146
data#2025-2-20_11-57-59_dataFiles#S0026_20250220_002706_64_5e75f288-7423-4bdc-8f99-a614c30a4872_R0003;78;-5.8899999999999996803;0;0.088749351547639632187;-4.0164092664092656548;0.074561647648204831818;0.084436716390592109205;0.065576748410535873335;0.31082677165354333226;0.27554171765891583012;0.33900032351989645152;0.41381312449365376116;0.43907735522904062231
data#2025-2-20_11-57-59_dataFiles#S0027_20250220_002829_46_95e566a7-dccd-419e-acd6-a896b7ce65a9_R0001;79;8.2649999999999987921;0;0.095525678713470507653;-5.1363577863577862814;0.070727804063456717332;0.11423995607211494263;-0.0086285195277020897836;0.21002422774076318079;0.14019868979915051099;0.13629305020440574125;0.052335943829327574717;0.17181287813310286428
data#2025-2-20_11-57-59_dataFiles#S0027_20250220_002829_46_95e566a7-dccd-419e-acd6-a896b7ce65a9_R0002;80;-25.792499999999996874;0;0.062547553173093545231;-5.1351351351351350871;0.023796270526022820363;0.081915438821268421465;-0.025310323947926125637;0.35781344639612350234;0.32291291723658005486;0.29018852386694510281;0.18881987577639749998;0.26849611063094208641
data#2025-2-20_11-57-59_dataFiles#S0027_20250220_002829_46_95e566a7-dccd-419e-acd6-a896b7ce65a9_R0003;81;-3.5625;0;0.071295175514438868802;-5.1546975546975550841;0.024721681046479263705;0.091270248009517704335;-0.036239782016348774663;0.34809206541490006481;0.38150001199817629161;0.338944442810505564;0.24218201458277072158;0.25043215211754532579
data#2025-2-20_11-57-59_dataFiles#S0028_20250220_002936_28_97ddc7b7-f699-4792-91e2-b353797591eb_R0001;82;-27.692499999999999005;0;0.10591604703441119539;0.13326898326898325986;0.12704564430837739231;0.11564839388670265785;0.28244020587344836892;0.46249242883101149282;0.42232860605188010661;0.39926766859798240583;0.46691871455576555716;0.47848962834917885267
data#2025-2-20_11-57-59_dataFiles#S0028_20250220_002936_28_97ddc7b7-f699-4792-91e2-b353797591eb_R0002;83;-10.972500000000000142;0;0.091049195919073136474;-4.7365508365508359745;0.073107431116058996245;0.11220554589548824287;0.085422343324250679664;0.46119018776499087764;0.42419792191586874752;0.40418517102438161759;0.3501890359168242095;0.38940146931719965551
data#2025-2-20_11-57-59_dataFiles#S0028_20250220_002936_28_97ddc7b7-f699-4792-91e2-b353797591eb_R0003;84;-9.3100000000000004974;0;0.084806761196610749853;-5.0226512226512225467;0.059622877817979404169;0.099616546170037512109;0.05407205570693308927;0.45884312537855842518;0.44521632711827802131;0.41924502220522924523;0.33915743991358354714;0.38180639585133968605
data#2025-2-20_11-57-59_dataFiles#S0029_20250220_003048_10_d879c5ec-7ae1-4659-a92c-a7a7e986a4c5_R0001;85;-13.014999999999998792;0;0.092034843506830360527;-4.1704633204633205779;0.071653214583913160673;0.1015640157408254779;0.29452013321223130538;0.38827983040581465213;0.29140810596789284981;0.26498632393164905929;0.19625978935997839825;0.34157303370786512575
data#2025-2-20_11-57-59_dataFiles#S0029_20250220_003048_10_d879c5ec-7ae1-4659-a92c-a7a7e986a4c5_R0002;86;-22.514999999999997016;0;0.088461871001210445886;-3.913706563706563557;0.079585304759254099638;0.11309234007504347097;0.075930971843778380381;0.41178073894609323879;0.38744990761404263235;0.36610246757448305921;0.37404806913313526362;0.36846369922212612869
data#2025-2-20_11-57-59_dataFiles#S0029_20250220_003048_10_d879c5ec-7ae1-4659-a92c-a7a7e986a4c5_R0003;87;-8.1225000000000004974;0;0.087722635310392524377;-5.0801158301158295671;0.046799332034511545442;0.084610597602269604911;-0.023872237359975775894;0.20934282253179889444;0.151368991913229195;0.14931325549248550266;0.067472319740750741346;0.21512532411408813449
data#2025-2-20_11-57-59_dataFiles#S0030_20250220_003155_17_79e2e811-3d02-4eae-822d-c9ee86d47ae4_R0001;88;-8.6925000000000007816;0;0.064477779699118095702;-5.0079794079794073269;0.038206234344558859251;0.075794820170220544853;0.018982742960944595095;0.35268019382192611344;0.26218294819187482059;0.26789212081997582082;0.23038077234674586569;0.31817199654278305321
data#2025-2-20_11-57-59_dataFiles#S0030_20250220_003155_17_79e2e811-3d02-4eae-822d-c9ee86d47ae4_R0002;89;-11.210000000000000853;0;0.075155628566487969744;-5.2170527670527668818;0.034504592262733085883;0.080924315914706682062;0.0094913714804722975477;0.34603270745003028575;0.23924963405562352237;0.23626363930472632502;0.16829597623548472884;0.298671132238547965
data#2025-2-20_11-57-59_dataFiles#S0030_20250220_003155_17_79e2e811-3d02-4eae-822d-c9ee86d47ae4_R0003;90;-9.2149999999999980815;0;0.063943887255749606857;-5.1473616473616470302;0.034636793765655433941;0.074334217992129580921;0.01524371783227368958;0.39909145972138099223;0.33852854366136347908;0.32452721978765325384;0.26655414528760462689;0.33459377700950732049
data#2025-2-20_11-57-59_dataFiles#S0031_20250220_003302_40_9313d971-1815-43e0-93e8-cf7a57281e7f_R0001;91;-4.4649999999999998579;0;0.070966626318519784866;-5.1436936936936934472;0.042965488449763430956;0.086975382081083560393;-0.038253103239479259445;0.18762870987280433344;0.13190075108583493302;0.12983882826975676195;0.026681069403186603861;0.15888072601555747188
data#2025-2-20_11-57-59_dataFiles#S0031_20250220_003302_40_9313d971-1815-43e0-93e8-cf7a57281e7f_R0002;92;-17.907499999999998863;0;0.080905239495071751277;-4.8331402831402829889;0.048782354578346787122;0.10109453646929623949;-0.029049349076597029418;0.19557843731072077631;0.13810140858589492474;0.13176671274374282539;0.0441263840129624621;0.18597666378565252954
data#2025-2-20_11-57-59_dataFiles#S0031_20250220_003302_40_9313d971-1815-43e0-93e8-cf7a57281e7f_R0003;93;-12.207499999999999574;0;0.049980546429188997537;-5.3356499356499353937;0.011898135263011410181;0.060423721057929896672;-0.071904329397517396938;0.14974258025439127207;0.12098121085594989998;0.11623187553307255671;0.0071833648393194709375;0.097709593777009509652
data#2025-2-20_11-57-59_dataFiles#S0032_20250220_003418_35_651ca1e5-3a14-4311-8e6b-b8740c807b9d_R0001;94;-21.232500000000001705;0;0.078030434030779874388;-3.1409909909909909942;0.055260228221541890514;0.079359385009609220707;0.086285195277020887428;0.3616747425802543936;0.30492645117942074329;0.30650569100908797715;0.32376451525789895491;0.34403630077787383801
data#2025-2-20_11-57-59_dataFiles#S0032_20250220_003418_35_651ca1e5-3a14-4311-8e6b-b8740c807b9d_R0002;95;-22.657499999999998863;0;0.078317914577209060689;-4.1154440154440150579;0.048253548566657381014;0.08713187517159329265;0.046594005449591281709;0.39006662628709870555;0.35035994528831615469;0.3505396900091173884;0.31427221172022684614;0.33520959377700948467
data#2025-2-20_11-57-59_dataFiles#S0032_20250220_003418_35_651ca1e5-3a14-4311-8e6b-b8740c807b9d_R0003;96;-21.660000000000000142;0;0.083328289814974920713;-4.4895752895752893963;0.050897578625104362982;0.084993136267960095465;0.022434150772025429621;0.29046032707450031296;0.19828426079235955681;0.20955266021587601322;0.18445854712395354236;0.29374459809853065151
data#2025-2-20_11-57-59_dataFiles#S0033_20250220_003523_22_555b3dc4-e41b-4d63-810c-1a8aefa149cd_R0001;97;-16.339999999999999858;0;0.10267162372471035081;-4.0897683397683390893;0.090425827998886723624;0.11218815777432047942;0.13374205267938238384;0.4462598425196849794;0.35681136467256979738;0.3314005470427340283;0.28938698352687008963;0.4052074330164217586
data#2025-2-20_11-57-59_dataFiles#S0033_20250220_003523_22_555b3dc4-e41b-4d63-810c-1a8aefa149cd_R0002;98;-17.859999999999999432;0;0.10735344976655715465;-4.0579794079794080375;0.099151127191761750934;0.11651779994509015026;0.13805631244323343654;0.45258933979406418269;0.35218366808245143984;0.30156024822799326612;0.21704023764515256723;0.39165946413137420201
data#2025-2-20_11-57-59_dataFiles#S0033_20250220_003523_22_555b3dc4-e41b-4d63-810c-1a8aefa149cd_R0003;99;-15.627499999999997726;0;0.098770102023171366112;-4.2682754182754178984;0.078792095741720011293;0.1050416399743754059;0.096639418710263394474;0.4749999999999999778;0.45365104504115372208;0.38968412693744297615;0.28143397245476636792;0.40561797752808986806
data#2025-2-20_11-57-59_dataFiles#S0034_20250220_003637_16_495191fc-bd96-4693-85fd-d3ec292af890_R0001;100;-22.5625;0;0.062301141276154242687;-4.2205920205920204324;0.045609518508210405985;0.089861810194929989115;0.029624583711777171396;0.35593579648697759588;0.3708540301874114764;0.40792917855357191392;0.3219686740480691145;0.31365600691443390469
data#2025-2-20_11-57-59_dataFiles#S0034_20250220_003637_16_495191fc-bd96-4693-85fd-d3ec292af890_R0002;101;-17.907499999999998863;0;0.060453052049109452792;-4.8747104247104244834;0.041643473420539936503;0.09055733504163997194;0.0094913714804722975477;0.36384009691096302896;0.41790607827610198877;0.44425163965765712693;0.2778422900351066871;0.31570872947277439646
data#2025-2-20_11-57-59_dataFiles#S0034_20250220_003637_16_495191fc-bd96-4693-85fd-d3ec292af890_R0003;102;-21.232500000000001705;0;0.07133624416392875256;-4.7328828828828832798;0.050104369607570274636;0.098312437082456308191;0.015818952467453829824;0.32056329497274377305;0.33130204208960234435;0.38482250522043465191;0.32581690521199024868;0.32494598098530685926
data#2025-2-20_11-57-59_dataFiles#S0035_20250220_003743_05_8f028980-0869-4bc3-920a-c22b20dcb9c9_R0001;103;-16.482500000000001705;0;0.081233788690990835213;-3.8489060489060484826;0.060416086835513492515;0.084975748146792345894;0.063563427187405388552;0.31175045427013930999;0.2134667530535358515;0.21952736684215168328;0.16726978125843908196;0.30277657735522905957
data#2025-2-20_11-57-59_dataFiles#S0035_20250220_003743_05_8f028980-0869-4bc3-920a-c22b20dcb9c9_R0002;104;-17.052499999999998437;0;0.079796385958844875952;-4.4137709137709135732;0.054070414695240744118;0.080785210945364699375;0.023584620042385710109;0.26317383403997574032;0.15880066229933048616;0.15403517543601658035;0.090048609235754792368;0.24920051858254105293
data#2025-2-20_11-57-59_dataFiles#S0035_20250220_003743_05_8f028980-0869-4bc3-920a-c22b20dcb9c9_R0003;105;-21.422499999999999432;0;0.08127485734048071897;-4.1288931788931781952;0.054599220706930136349;0.090870321222659464211;0.047169240084771420218;0.32448516050878251082;0.22575408537902239003;0.22908296814799564145;0.19472049689440992792;0.30523984442523766081
data#2025-2-20_11-57-59_dataFiles#S0036_20250220_003850_58_72714e71-6fe0-4ee4-a978-551b3bcf0138_R0001;106;-11.685000000000000497;0;0.079508905412415689651;-4.9382882882882874753;0.048914556081269135179;0.083584698453372380245;-0.03480169542839842145;0.17242580254391276506;0.13210591990017517272;0.12785506308637981099;0.049257358898190654883;0.15990708729472771776
data#2025-2-20_11-57-59_dataFiles#S0036_20250220_003850_58_72714e71-6fe0-4ee4-a978-551b3bcf0138_R0002;107;-9.4049999999999993605;0;0.074868148020058783443;-4.9150579150579147836;0.044684107987753962643;0.10431133888532991005;-0.013805631244323341572;0.25953967292549967594;0.19347419192282772071;0.2000249992647274988;0.14982446664866322372;0.23175237683664648425
data#2025-2-20_11-57-59_dataFiles#S0036_20250220_003850_58_72714e71-6fe0-4ee4-a978-551b3bcf0138_R0003;108;-3.4199999999999999289;0;0.083287221165485036956;-4.924839124839124338;0.045741720011132760981;0.094713096000732133195;-0.03480169542839842145;0.18768927922471229097;0.13424879418328414249;0.13816505396900088942;0.061058601134215503836;0.20568280034572170023
data#2025-2-20_11-57-59_dataFiles#S0037_20250220_004000_Target_b8709d12-6763-4b94-a8ca-bbc0a352ae94_R0001;109;-3088.2600000000002183;0;0.93180658827598128457;-1.4256113256113254195;0.82969663234066237667;0.9220572892834263401;0.7587344838026036653;0.9301332525741974333;0.93365488445756239511;0.91068792094350159427;0.82685660275452332879;0.89272904062229896383
data#2025-2-20_11-57-59_dataFiles#S0037_20250220_004000_Target_b8709d12-6763-4b94-a8ca-bbc0a352ae94_R0002;110;-416.19499999999999318;0;0.91747362960401179777;1.0148005148005145859;0.86525883662677416375;0.93895854305847892274;0.81970935513169840281;0.93249545729860694454;0.93696038202193265843;0.91418046528043284127;0.81608155549554406427;0.88533923941227299359
data#2025-2-20_11-57-59_dataFiles#S0037_20250220_004000_Target_b8709d12-6763-4b94-a8ca-bbc0a352ae94_R0003;111;-424.69749999999999091;0;0.92835682171883093794;-3.1471042471042469657;0.82612719176175897218;0.93466367713004483431;0.73169845594913718312;0.93040581465778315895;0.93547860725169773577;0.91281138790035587505;0.80453686200378071725;0.88000216076058768166
data#2025-2-20_11-57-59_dataFiles#S0038_20250220_004156_21_594a2375-1c6a-4670-86ca-8732b3caf026_R0001;112;-23.892499999999998295;0;0.091049195919073136474;-2.8108751608751605389;0.091351238519343166966;0.11771758030566487063;0.14237057220708446148;0.43001211387038157374;0.40301994096897270081;0.41985971000852917445;0.41304347826086951212;0.40356525496974937628
data#2025-2-20_11-57-59_dataFiles#S0038_20250220_004156_21_594a2375-1c6a-4670-86ca-8732b3caf026_R0002;113;-21.089999999999999858;0;0.094334687878263878691;-3.6985199485199484748;0.098490119677150017585;0.14235654800036606771;0.087148047229791095192;0.37001817080557236617;0.29893096249370093576;0.32477868297991235869;0.36122063192006481636;0.36435825410544508962
data#2025-2-20_11-57-59_dataFiles#S0038_20250220_004156_21_594a2375-1c6a-4670-86ca-8732b3caf026_R0003;114;-17.432500000000000995;0;0.10476612484869443631;-4.4259974259974255162;0.089632618981352621401;0.11203166468381073329;0.032788374205267936667;0.27412174439733494324;0.1993784944688407057;0.22201405841004676067;0.20703483661895760726;0.30318712186689716903
data#2025-2-20_11-57-59_dataFiles#S0039_20250220_004307_51_744bcebb-b9b2-45c0-ad44-74c6afe11c0f_R0001;115;-11.399999999999998579;0;0.099961092858377995074;-4.7744530244530247742;0.067687169496242691191;0.10832799487508006087;0.0043142597638510448918;0.24875832828588734236;0.17993305017637317711;0.19002235228375635723;0.18368890089116932107;0.25946413137424367834
data#2025-2-20_11-57-59_dataFiles#S0039_20250220_004307_51_744bcebb-b9b2-45c0-ad44-74c6afe11c0f_R0002;116;-10.6875;0;0.071746930658827590133;-4.960296010296009861;0.040057055385471745934;0.10152923949848997875;-0.012655161973963062819;0.27383403997577226985;0.22969788592133993932;0.28216964206935091219;0.30734539562516877131;0.29292350907519443259
data#2025-2-20_11-57-59_dataFiles#S0039_20250220_004307_51_744bcebb-b9b2-45c0-ad44-74c6afe11c0f_R0003;117;-4.9399999999999995026;0;0.056674736296040112427;-4.9150579150579147836;0.028687726134149733187;0.091930996613892188019;0;0.30728346456692912092;0.23854294147289611949;0.25378224169877355854;0.26988927896300296538;0.26808556611927397695
data#2025-2-20_11-57-59_dataFiles#S0040_20250220_004411_57_86793b2f-4c77-49df-a257-a896fed72689_R0001;118;-27.264999999999997016;0;0.093759726785405492211;-2.7631917631917630729;0.071388811578068464558;0.12213416308227326157;0.075355737208598241872;0.33973349485160508898;0.29088378566457895325;0.31206582159348250638;0.33915743991358354714;0.32966724286949006251
data#2025-2-20_11-57-59_dataFiles#S0040_20250220_004411_57_86793b2f-4c77-49df-a257-a896fed72689_R0002;119;-15.057499999999999218;0;0.091583088362441639196;-4.6962033462033456743;0.056450041747843023032;0.10571977669991763915;0.0086285195277020897836;0.25133252574197456619;0.19600460729969043649;0.2348107408605629165;0.28194706994328921912;0.30647147796024198918
data#2025-2-20_11-57-59_dataFiles#S0040_20250220_004411_57_86793b2f-4c77-49df-a257-a896fed72689_R0003;120;-7.8374999999999994671;0;0.085258516340999471184;-5.0764478764478759842;0.056185638741998326917;0.1331582319026265171;0.0066151983045716015314;0.2936099333737129391;0.24554147769539028112;0.28689156201288196213;0.28630839859573314898;0.28984442523768361166
data#2025-2-20_11-57-59_dataFiles#S0041_20250220_004515_69_ec63f6cd-ef60-4790-a5b2-4ad815a84b0f_R0001;121;-36.100000000000001421;0;0.13384272868753241403;-4.0323037323037320689;0.10179515725020872596;0.11909124187791707283;0.0086285195277020897836;0.18537250151423378952;0.13032779017589327109;0.13556660098232403699;0.07927356197677558336;0.22128349178910977635
data#2025-2-20_11-57-59_dataFiles#S0041_20250220_004515_69_ec63f6cd-ef60-4790-a5b2-4ad815a84b0f_R0002;122;-19.712499999999998579;0;0.087435154763963338076;-4.8722651222651220948;0.070860005566379072328;0.1427738629083920574;0.01121707538601271481;0.25148394912174437676;0.17938593333813260267;0.1925928649157377659;0.17470969484201995248;0.2533059636992221475
data#2025-2-20_11-57-59_dataFiles#S0041_20250220_004515_69_ec63f6cd-ef60-4790-a5b2-4ad815a84b0f_R0003;123;-17.764999999999997016;0;0.12152213384056717582;-4.8551480051480044864;0.080775118285555239095;0.16675208199871877079;0.020996064184075083348;0.24427619624470015003;0.19139970724449881234;0.2202817564189288313;0.30093167701863349217;0.29189714779602421446
data#2025-2-20_11-57-59_dataFiles#S0042_20250220_004636_68_110d72c8-8b73-4e24-bdf6-3907562d2339_R0001;124;-15.057499999999999218;0;0.066695486771571832474;-4.5164736164736165591;0.071388811578068464558;0.14173057563832708317;0.036239782016348774663;0.3546335554209569807;0.39622657356081869562;0.43514308402694040767;0.28194706994328921912;0.27834917891097665787
data#2025-2-20_11-57-59_dataFiles#S0042_20250220_004636_68_110d72c8-8b73-4e24-bdf6-3907562d2339_R0002;125;-12.017500000000000071;0;0.052896420542970779;-4.4027670527670528244;0.069934595045922615109;0.18586162716207557666;0.057523463518013927265;0.35514839491217442546;0.42308089170446094851;0.42857710067350962557;0.24705644072373750264;0.25720613656006913184
data#2025-2-20_11-57-59_dataFiles#S0042_20250220_004636_68_110d72c8-8b73-4e24-bdf6-3907562d2339_R0003;126;-9.9274999999999984368;0;0.055565882759813244041;-4.4577863577863574562;0.089897021987197317516;0.20439736432689667445;0.045731153496821073945;0.3043458509993943184;0.34297386797206824705;0.40499544131054970864;0.31247637051039695022;0.28512316335350040841
data#2025-2-20_11-57-59_dataFiles#S0043_20250220_004742_50_09e2707a-02d8-467c-8ebf-b34c5243fe22_R0001;127;-23.417499999999996874;0;0.058440688224105134807;-3.7645431145431142994;0.061738101864736980029;0.109006131600622308;0.033938843475628213686;0.35098425196850391306;0.41295923019701002987;0.3998544160465868913;0.18522819335673776364;0.25207433016421776362
data#2025-2-20_11-57-59_dataFiles#S0043_20250220_004742_50_09e2707a-02d8-467c-8ebf-b34c5243fe22_R0002;128;-20.94749999999999801;0;0.077742953484350688087;-2.7106177606177603856;0.069141386028388526763;0.11211860528964949502;-0.0048894943990311834012;0.29447304663840095929;0.37559570945216325111;0.40907473309608538559;0.25090467188765863682;0.28224935177182369772
data#2025-2-20_11-57-59_dataFiles#S0043_20250220_004742_50_09e2707a-02d8-467c-8ebf-b34c5243fe22_R0003;129;-17.527499999999999858;0;0.070268459277191760992;-4.8282496782496782117;0.068215975507932083421;0.10984076141667428739;-0.012367544656372995299;0.28949121744397338096;0.35984330381781964858;0.40642039940001761789;0.25141776937618143251;0.29087078651685394082
data#2025-2-20_11-57-59_dataFiles#S0044_20250220_004849_39_8feba9b8-b8c4-4328-bbf0-56a43c8dc24b_R0001;130;-11.162499999999999645;0;0.083164015217015385684;-4.7463320463320464171;0.050765377122182014924;0.09739086666056556707;-0.01121707538601271481;0.23222289521502118004;0.15964413409161806734;0.16663627540366457436;0.093127194166891705263;0.21923076923076922906
data#2025-2-20_11-57-59_dataFiles#S0044_20250220_004849_39_8feba9b8-b8c4-4328-bbf0-56a43c8dc24b_R0002;131;-9.9749999999999996447;0;0.083738976309873758286;-4.9566280566280571662;0.047460339549123292668;0.09824288459778529603;-0.017832273690584314607;0.23658388855239248505;0.18218990713411561955;0.19010617334784271626;0.15392924655684581126;0.23175237683664648425
data#2025-2-20_11-57-59_dataFiles#S0044_20250220_004849_39_8feba9b8-b8c4-4328-bbf0-56a43c8dc24b_R0003;132;-15.627499999999997726;0;0.086819125021615067839;-4.4235521235521231276;0.050368772613414970751;0.11761325157865837321;-0.0043142597638510448918;0.23840096910963051724;0.16584479159167805906;0.17557718890620863106;0.11955171482581689046;0.23852636127917023479
data#2025-2-20_11-57-59_dataFiles#S0045_20250220_004949_38_787b4881-aee4-4d66-bdc0-ed6b0381065b_R0001;133;-8.3125;0;0.09614170845581877789;-3.8794723294723296725;0.08355134984692456912;0.11942161618010431468;0.049470178625491981195;0.21676256814052088928;0.14500875866868234709;0.14758095350136760104;0.085687280583310834747;0.21779386343993084596
data#2025-2-20_11-57-59_dataFiles#S0045_20250220_004949_38_787b4881-aee4-4d66-bdc0-ed6b0381065b_R0002;134;-13.205000000000000071;0;0.086901262320594849231;-4.8967181467181459809;0.052748399666017256604;0.098816692596321031861;0.0054647290342113227779;0.30119624470018169227;0.21957622441388907619;0.22997705949825003602;0.2072913853632190051;0.26521175453759721075
data#2025-2-20_11-57-59_dataFiles#S0045_20250220_004949_38_787b4881-aee4-4d66-bdc0-ed6b0381065b_R0003;135;-8.1225000000000004974;0;0.084971035794570284883;-5.0446589446589449324;0.050368772613414970751;0.081758945730758661452;-0.038253103239479259445;0.144791035735917617;0.12139154848463033776;0.12606688038587102185;0.043869835268701050379;0.16360198789974070288
data#2025-2-20_11-57-59_dataFiles#S0046_20250220_005050_27_eaf10ac5-9c58-4556-880f-09b437bd209a_R0001;136;-20.234999999999999432;0;0.094416825177243632328;-4.1912483912483917692;0.073768438630670743472;0.10076416216710899765;0.062412957917045111533;0.34017262265293762846;0.23735752165670817582;0.24562365812770214912;0.26244936537942209487;0.34670484010371649397
data#2025-2-20_11-57-59_dataFiles#S0046_20250220_005050_27_eaf10ac5-9c58-4556-880f-09b437bd209a_R0002;137;-17.479999999999996874;0;0.08916003804253846976;-4.5384813384813380566;0.063721124408572221709;0.099564381806534263397;0.03480169542839842145;0.31194730466384007483;0.22408993832937393331;0.23271521425840416275;0.21883607885498243539;0.31221910112359552159
data#2025-2-20_11-57-59_dataFiles#S0046_20250220_005050_27_eaf10ac5-9c58-4556-880f-09b437bd209a_R0003;138;-14.154999999999999361;0;0.087270880166003803047;-4.9333976833976835863;0.061473698858892283914;0.10410268143131691521;0.0048894943990311834012;0.27169897032101758549;0.18633887649077340853;0.19846033940178228749;0.17009181744531459701;0.28245462402765769694
data#2025-2-20_11-57-59_dataFiles#S0047_20250220_005159_09_377e2d27-6a6c-43ad-ae37-4f3dee74420c_R0001;139;-19.997499999999998721;0;0.090967058620093368959;-4.5323680823680820851;0.071388811578068464558;0.11582227509838015356;0.077656675749318795909;0.42154754694124774161;0.34007870803637846313;0.30784682803446955512;0.23884688090737241084;0.36517934312878130854
data#2025-2-20_11-57-59_dataFiles#S0047_20250220_005159_09_377e2d27-6a6c-43ad-ae37-4f3dee74420c_R0002;140;-12.254999999999999005;0;0.077250129690472069122;-4.7793436293436286633;0.047592541052045640726;0.089966138921936486539;0.044580684226460789987;0.40584494245911567623;0.31978979195162338112;0.28085644539866477798;0.16444774507156359467;0.3239196197061365301
data#2025-2-20_11-57-59_dataFiles#S0047_20250220_005159_09_377e2d27-6a6c-43ad-ae37-4f3dee74420c_R0003;141;-12.967499999999999361;0;0.076469825350164263855;-4.9749678249678250808;0.044551906484831614585;0.078629083920563738741;0.045443536179230997751;0.44653240460327070505;0.40516281525208164283;0.34324725743360484653;0.20062111801242235587;0.35984226447709588559
data#2025-2-20_11-57-59_dataFiles#S0048_20250220_005315_62_e6d6105e-e7ee-47c4-85c0-41815ddc47d8_R0001;142;-19.75999999999999801;0;0.068132889503717791735;-4.635070785070785071;0.044816309490676310701;0.093252493822641169263;0.027898879806236755868;0.32192610539067229025;0.23548820579271947939;0.25923061086438631273;0.27553335133675393998;0.30688202247191009864
data#2025-2-20_11-57-59_dataFiles#S0048_20250220_005315_62_e6d6105e-e7ee-47c4-85c0-41815ddc47d8_R0002;143;-22.182500000000000995;0;0.077250129690472069122;-4.6338481338481338767;0.044023100473142215416;0.095965040724810102279;0.032500756887677867413;0.35808600847970922798;0.28584575144578022732;0.27895650127937410279;0.2773291925465838359;0.29805531547104580081
data#2025-2-20_11-57-59_dataFiles#S0048_20250220_005315_62_e6d6105e-e7ee-47c4-85c0-41815ddc47d8_R0003;144;-12.349999999999999645;0;0.074703873422099262291;-4.9077220077220076178;0.062002504870581683083;0.13987004667337785135;0.020708446866485010623;0.33269230769230767608;0.24845943416600674292;0.25291609070321457997;0.25577909802862541788;0.27691227312013827477
data#2025-2-20_11-57-59_dataFiles#S0049_20250220_005434_44_9370ab6f-44fa-4737-9cc0-132f414362a5_R0001;145;-27.407499999999998863;0;0.043204219263358115133;-3.7951093951093946011;0.034636793765655433941;0.11975199048229155652;0.029624583711777171396;0.37230466384009686109;0.42157632039929926471;0.42156407164495163231;0.24500405076964623663;0.22477312013828867898
data#2025-2-20_11-57-59_dataFiles#S0049_20250220_005434_44_9370ab6f-44fa-4737-9cc0-132f414362a5_R0002;146;-23.987499999999997158;0;0.072773646896074697943;-4.8673745173745173176;0.059755079320901752227;0.11811750709252309688;0.016681804420224037588;0.30399757722592368747;0.28067093801742132309;0.331260845269256754;0.31478530920874964183;0.28307044079515986112
data#2025-2-20_11-57-59_dataFiles#S0049_20250220_005434_44_9370ab6f-44fa-4737-9cc0-132f414362a5_R0003;147;-13.727499999999999147;0;0.084642486598651214824;-4.5617117117117116365;0.10179515725020872596;0.1764546536103230312;-0.0043142597638510448918;0.22948213204118714237;0.1998572217023012465;0.24961912884915146704;0.32273832028085336354;0.26090103716508211695
data#2025-2-20_11-57-59_dataFiles#S0050_20250220_005541_33_1e969629-078e-466c-868e-f92b9825c5f8_R0001;148;-21.422499999999999432;0;0.10213773128134186197;-4.3501930501930505812;0.097696910659615915362;0.13352338244714925808;0.066439600363306081099;0.35629921259842517456;0.26614954526911910326;0.28962971677303606111;0.29964893329732644744;0.34157303370786512575
data#2025-2-20_11-57-59_dataFiles#S0050_20250220_005541_33_1e969629-078e-466c-868e-f92b9825c5f8_R0002;149;-28.785000000000000142;0;0.094416825177243632328;-4.4223294723294719333;0.077073476203729479606;0.1160309325523931484;0.082258552830759917862;0.41384009691096301786;0.35514721762292128515;0.3770830269697950099;0.37635700783148801074;0.38098530682800346714
data#2025-2-20_11-57-59_dataFiles#S0050_20250220_005541_33_1e969629-078e-466c-868e-f92b9825c5f8_R0003;150;-22.657499999999998863;0;0.11536183641708455672;-4.5935006435006435765;0.11012385193431671604;0.14606021780909672625;0.048894943990311835746;0.29989400363416107709;0.19349698845775442635;0.20916149525013968957;0.1793275722387253357;0.30544511668107171554
data#2025-2-20_11-57-59_dataFiles#S0051_20250220_005650_63_a62640e3-2375-4726-8eff-b863bcae58d9_R0001;151;-29.924999999999997158;0;0.11856519107729551754;-3.7682110682110683264;0.082493737823545770782;0.11721332479180011921;0.066151983045716011844;0.20794972743791639846;0.1298262664075060524;0.13978559454133701601;0.12673507966513639089;0.26664866032843559385
data#2025-2-20_11-57-59_dataFiles#S0051_20250220_005650_63_a62640e3-2375-4726-8eff-b863bcae58d9_R0002;152;-19.664999999999999147;0;0.090268891578765345085;-5.0568854568854568754;0.047724742554967988784;0.11477898782831517932;0.013518013926733272317;0.31868564506359781108;0.25333789264031864041;0.2719714126055116088;0.27553335133675393998;0.27260155574762312547
data#2025-2-20_11-57-59_dataFiles#S0051_20250220_005650_63_a62640e3-2375-4726-8eff-b863bcae58d9_R0003;153;-22.5625;0;0.076141276154245193797;-5.1155727155727150901;0.030670748677984967928;0.083758579665049875951;-0.018119891008174387331;0.27328891580860087407;0.20339068461593834414;0.22494779565306902147;0.2242236024844720399;0.2533059636992221475
data#2025-2-20_11-57-59_dataFiles#S0052_20250220_005758_45_f8e1d13c-8023-4d21-9e9e-7b87b66ad74b_R0001;154;-25.69749999999999801;0;0.11454046342728686769;-3.5065637065637065284;0.08500556637907041857;0.14508648302370275029;0.048319709355131697237;0.24201998788612963387;0.1420908021980658853;0.14464721625834534025;0.067728868485012153067;0.19993517718236819558
data#2025-2-20_11-57-59_dataFiles#S0052_20250220_005758_45_f8e1d13c-8023-4d21-9e9e-7b87b66ad74b_R0002;155;-17.052499999999998437;0;0.11486901262320593775;-4.6057271557271555196;0.085402170887837455804;0.13420151917269149133;0.0054647290342113227779;0.28532707450030286855;0.17847407194106496009;0.17739331196141289171;0.083378341884958143138;0.19521391529818496458
data#2025-2-20_11-57-59_dataFiles#S0052_20250220_005758_45_f8e1d13c-8023-4d21-9e9e-7b87b66ad74b_R0003;156;-22.13499999999999801;0;0.1152796991181047892;-5.027541827541827324;0.065704146952407463389;0.11206644092614623243;-0.022146533454435360366;0.23856753482737735883;0.1463537542293571192;0.14744125172789035449;0.058749662435862812226;0.1954191875540190193
data#2025-2-20_11-57-59_dataFiles#S0053_20250220_005904_15_1a192c7d-0458-4ff0-b181-1216c9c39a78_R0001;157;-16.577499999999997016;0;0.084190731454262493494;-4.4296653796653790991;0.055392429724464238572;0.081202525853390675192;0.066151983045716011844;0.42448516050878254413;0.37363520744846778765;0.3561277609482074169;0.33017823386443423406;0.38283275713050990419
data#2025-2-20_11-57-59_dataFiles#S0053_20250220_005904_15_1a192c7d-0458-4ff0-b181-1216c9c39a78_R0002;158;-21.897500000000000853;0;0.070843420370050147472;-4.0188545688545680434;0.045873921514055109039;0.073343095085567855396;0.075068119891008172617;0.41991217443973349877;0.37837688671321961786;0.36090556160112935435;0.34326221982176607916;0.39412273120138285876
data#2025-2-20_11-57-59_dataFiles#S0053_20250220_005904_15_1a192c7d-0458-4ff0-b181-1216c9c39a78_R0003;159;-18.192499999999999005;0;0.093143697043057235851;-4.7279922779922776144;0.060416086835513492515;0.088835911046032764449;0.047744474719951551789;0.36832222895215016578;0.2555263599932809937;0.24880885856298340375;0.21883607885498243539;0.36107389801210021396
data#2025-2-20_11-57-59_dataFiles#S0054_20250220_010008_56_ca0ebb49-5ef1-4ac7-9182-bf2a14df66a4_R0001;160;-11.019999999999999574;0;0.076141276154245193797;-5.1657014157014149447;0.041643473420539936503;0.097703852841585059341;-0.036527399333938843917;0.19038461538461537437;0.13055575552516018867;0.12936384223993410703;0.043356737780178233876;0.18536084701815036535
data#2025-2-20_11-57-59_dataFiles#S0054_20250220_010008_56_ca0ebb49-5ef1-4ac7-9182-bf2a14df66a4_R0002;161;-16.577499999999997016;0;0.081685543835379556543;-5.0092020592020585212;0.035826607291956580337;0.094139288002196397365;-0.022721768089615498876;0.23081465778316170856;0.1423643606171861864;0.14260757036557747401;0.057980016203078584003;0.2188202247191011196
data#2025-2-20_11-57-59_dataFiles#S0054_20250220_010008_56_ca0ebb49-5ef1-4ac7-9182-bf2a14df66a4_R0003;162;-15.77000000000000135;0;0.080617758948642564976;-5.1510296010296006131;0.044816309490676310701;0.082941337970165632254;-0.0385407205570693287;0.20348273773470623715;0.12483382525856069611;0.11751713184906326104;0.028220361868755063778;0.16955488331892826226
data#2025-2-20_11-57-59_dataFiles#S0055_20250220_010119_01_3b81a9e5-057d-4714-8318-3f4fda70797c_R0001;163;-16.245000000000000995;0;0.08336935846446480447;-3.9870656370656365475;0.073504035624826047357;0.092817790793447429998;0.10843172873145624779;0.4396880678376741125;0.39912173349650853504;0.37753007264492222106;0.3524979746151768456;0.40212834917891099318
data#2025-2-20_11-57-59_dataFiles#S0055_20250220_010119_01_3b81a9e5-057d-4714-8318-3f4fda70797c_R0002;164;-26.172499999999999432;0;0.10090567179664533537;-3.291377091377091002;0.09425967158363483811;0.11947378054360757726;0.12683923705722069397;0.41956390066626286783;0.35213807501259808408;0.34715890709096791644;0.3501890359168242095;0.3937121866897147493
data#2025-2-20_11-57-59_dataFiles#S0055_20250220_010119_01_3b81a9e5-057d-4714-8318-3f4fda70797c_R0003;165;-24.604999999999996874;0;0.10193238803389244318;-3.3378378378378377178;0.086327581408293899146;0.11387480552759220165;0.11360884044807749438;0.39962144155057538475;0.31026084035226642044;0.31586570983206374574;0.31452876046448818848;0.38283275713050990419
data#2025-2-20_11-57-59_dataFiles#S0056_20250220_010222_26_96c4b698-2589-449b-a6c9-9364e0b64ffd_R0001;166;-25.269999999999999574;0;0.093924001383365041118;-3.8244530244530245966;0.083947954355691620232;0.099651322412373025128;0.13518013926733271624;0.37409145972138097003;0.27638518945120338355;0.28049322078762389809;0.30477990818255468186;0.37113223854796884016
data#2025-2-20_11-57-59_dataFiles#S0056_20250220_010222_26_96c4b698-2589-449b-a6c9-9364e0b64ffd_R0002;167;-30.067499999999999005;0;0.10004323015735777647;-1.9440154440154437943;0.10258836626774282819;0.11669168115676763209;0.11418407508325764677;0.22334948516050875944;0.13823818779545510305;0.15990264992206112971;0.17009181744531459701;0.28656006914433879151
data#2025-2-20_11-57-59_dataFiles#S0056_20250220_010222_26_96c4b698-2589-449b-a6c9-9364e0b64ffd_R0003;168;-25.222500000000000142;0;0.097784454435414142059;-3.0162805662805660667;0.12770665182298915341;0.12411640889539671262;0.071904329397517396938;0.27604482132041185949;0.16249370095745446774;0.16180259404135172163;0.097231974075074251163;0.26274848746758860951
data#2025-2-20_11-57-59_dataFiles#S0057_20250220_010330_43_39e0380b-b43b-4d94-bbd5-530fbf050c4f_R0001;169;0.38000000000000000444;0;0.11835984782984609875;-4.7096525096525096998;0.13907598107431115575;0.12891553033769562187;0.0040266424462609747698;0.22833131435493639327;0.16110311232692631211;0.16973765477485955322;0.13417499324871726141;0.24837942955920483401
data#2025-2-20_11-57-59_dataFiles#S0057_20250220_010330_43_39e0380b-b43b-4d94-bbd5-530fbf050c4f_R0002;170;-41.99000000000000199;0;0.12932517724364517298;-4.5763835263835259681;0.10126635123851933373;0.12708977761508191695;0.029336966394187102142;0.23364627498485765478;0.1512322127036690167;0.15632628452104346817;0.0923575479341074701;0.23031547104580810115
data#2025-2-20_11-57-59_dataFiles#S0057_20250220_010330_43_39e0380b-b43b-4d94-bbd5-530fbf050c4f_R0003;171;-30.210000000000000853;0;0.11938656406709320656;-4.8527027027027020978;0.10787642638463679212;0.15668435984259174165;0.0097789887980623668023;0.23794669897032103001;0.15114102656396227742;0.15235875415428956625;0.07927356197677558336;0.22169403630077785805
data#2025-2-20_11-57-59_dataFiles#S0058_20250220_010438_32_2e49e070-9cff-4822-9d7f-8ef93258d933_R0001;172;-35.909999999999996589;0;0.090227822929275461328;-1.7214929214929215462;0.077205677706651820724;0.096695341813855584245;0.11763548289433847782;0.34191399152029072761;0.27588366568281624813;0.29166936266580395509;0.28682149608425600018;0.3382886776145203056
data#2025-2-20_11-57-59_dataFiles#S0058_20250220_010438_32_2e49e070-9cff-4822-9d7f-8ef93258d933_R0002;173;-26.457499999999999574;0;0.085997752031817392693;-3.263256113256113089;0.066629557472863892853;0.10372014276562642465;0.10469270360278533361;0.36739854633555418806;0.30868787944232478626;0.32058762977559479568;0.33633540372670805985;0.35224719101123597165
data#2025-2-20_11-57-59_dataFiles#S0058_20250220_010438_32_2e49e070-9cff-4822-9d7f-8ef93258d933_R0003;174;-40.992499999999999716;0;0.080124935154763959888;-1.2813384813384811611;0.084608961870303367458;0.10145968701381898047;0.21715107478050255096;0.39173228346456689941;0.401424183524104361;0.41999941178200639325;0.44357277882797729873;0.4095181503889369079
data#2025-2-20_11-57-59_dataFiles#S0059_20250220_010547_19_f1633d59-45c3-4f3d-a1d7-53a8654cbc86_R0001;175;-22.324999999999999289;0;0.094540031125713297477;-4.3453024453024449159;0.079717506262176454634;0.11375308867941795465;0.040266424462609744228;0.2853422168382798163;0.19187843447795935314;0.20013676068350930159;0.15521199027815282823;0.2843020743301641895
data#2025-2-20_11-57-59_dataFiles#S0059_20250220_010547_19_f1633d59-45c3-4f3d-a1d7-53a8654cbc86_R0002;176;-20.1875;0;0.088461871001210445886;-4.4418918918918910421;0.080378513776788201861;0.11634391873341264068;0.037390251286709051681;0.28249545729860686682;0.16190099104936050978;0.16300402929325605306;0.089792060491493380647;0.24694252376836645091
data#2025-2-20_11-57-59_dataFiles#S0059_20250220_010547_19_f1633d59-45c3-4f3d-a1d7-53a8654cbc86_R0003;177;-25.269999999999999574;0;0.090104616980805810056;0.26531531531531526991;0.128632062343445569;0.11111009426192001992;0.28646684831970936624;0.3164142943670502639;0.19005471168382406799;0.18636216581865236441;0.40355117472319740335;0.43948789974070873177
data#2025-2-20_11-57-59_dataFiles#S0060_20250220_010700_07_a6d82143-ce80-4e02-952d-2834f301bf4b_R0001;178;-27.027499999999996305;0;0.069036399792495234395;-2.8341055341055341188;0.08302254383523517689;0.10323327537292943668;0.13891916439600363042;0.43414597213809813514;0.46219974563866289552;0.45679685891591420566;0.43767215770996487079;0.42203975799481413533
data#2025-2-20_11-57-59_dataFiles#S0060_20250220_010700_07_a6d82143-ce80-4e02-952d-2834f301bf4b_R0002;179;-28.452499999999997016;0;0.090638509424174298901;-3.5065637065637065284;0.074826050654049527933;0.10446783197583965619;0.10469270360278533361;0.40003028467595397322;0.35065630024236316142;0.36939942942854619989;0.37481771536591951266;0.410955056179775291
data#2025-2-20_11-57-59_dataFiles#S0060_20250220_010700_07_a6d82143-ce80-4e02-952d-2834f301bf4b_R0003;180;-36.765000000000000568;0;0.084971035794570284883;-3.8122265122265122095;0.061209295853047587799;0.097460419145236565353;0.075355737208598241872;0.44103573591762568196;0.49411489453603052446;0.47979177083026963713;0.37635700783148801074;0.37626404494382020838
data#2025-2-20_11-57-59_dataFiles#S0061_20250220_010809_67_708b2385-4179-4430-bd5c-5b3545a792e1_R0001;181;-8.4550000000000000711;0;0.090104616980805810056;-5.0165379665379665752;0.042172279432229335672;0.080420060400841944515;-0.02300938540720556813;0.22324348879466987539;0.13967436949583664219;0.13176671274374282539;0.049000810153929243163;0.17756050129645634117
data#2025-2-20_11-57-59_dataFiles#S0061_20250220_010809_67_708b2385-4179-4430-bd5c-5b3545a792e1_R0002;182;-15.484999999999999432;0;0.075443109112917169923;-4.1704633204633205779;0.053277205677706648834;0.098295048961288544742;-0.014093248561913410827;0.15903997577225922888;0.12576848319055503045;0.12556395400135289542;0.051566297596543339554;0.16072817631806396443
data#2025-2-20_11-57-59_dataFiles#S0061_20250220_010809_67_708b2385-4179-4430-bd5c-5b3545a792e1_R0003;183;-10.734999999999999432;0;0.055812294656752553523;-5.3185328185328177852;0.021681046479265237564;0.069639425276837196854;-0.079094762337269142183;0.12115384615384615363;0.11188539342020012435;0.10567042145819240118;0.006926816095058060084;0.091346153846153840816
data#2025-2-20_11-57-59_dataFiles#S0062_20250220_010915_25_ea0f3432-cf3e-4df0-8704-e7bee9364a68_R0001;184;-24.320000000000000284;0;0.07552524641189692356;-4.512805662805662088;0.044816309490676310701;0.07607303010890455186;0.045155918861640928497;0.36405208964264079707;0.25290475847671151088;0.23992382576983029008;0.16598703753713203723;0.29826058772687985554
data#2025-2-20_11-57-59_dataFiles#S0062_20250220_010915_25_ea0f3432-cf3e-4df0-8704-e7bee9364a68_R0002;185;-44.032499999999998863;0;0.12406839010893998265;-3.572586872586872353;0.12572362927915389785;0.13971355358286810522;0.063275809869815319297;0.25190793458509996849;0.15002399635255439514;0.16780977030087351753;0.16188225762894947746;0.30482929991356955135
data#2025-2-20_11-57-59_dataFiles#S0062_20250220_010915_25_ea0f3432-cf3e-4df0-8704-e7bee9364a68_R0003;186;-28.594999999999998863;0;0.13404807193498186058;-4.817245817245817463;0.12982187586974672233;0.15543241511851374481;0.041992128368150166695;0.28681102362204718981;0.16953783024980204064;0.17065968647980939155;0.097488522819335676761;0.25925885911840967912
data#2025-2-20_11-57-59_dataFiles#S0063_20250220_011026_20_01171261-d345-4a7a-a73d-5aab608b21a3_R0001;187;-25.69749999999999801;0;0.093718658135915608454;-3.6679536679536677291;0.090425827998886723624;0.11810011897135534731;0.064426279140175596316;0.29875832828588733125;0.27239579583903245075;0.31997294197229492196;0.35942479071023492043;0.34793647363872082234
data#2025-2-20_11-57-59_dataFiles#S0063_20250220_011026_20_01171261-d345-4a7a-a73d-5aab608b21a3_R0002;188;-24.272500000000000853;0;0.080740964897112216248;-3.5933719433719431002;0.0855343723907598108;0.1263768646472041568;0.091749924311232203267;0.38429739551786795682;0.36458498308257142329;0.40566600982324046987;0.3840534701593302791;0.38303802938634395892
data#2025-2-20_11-57-59_dataFiles#S0063_20250220_011026_20_01171261-d345-4a7a-a73d-5aab608b21a3_R0003;189;-32.965000000000003411;0;0.094622168424693064992;1.9562419562419561814;0.17067214027275257049;0.13166285348220005402;0.44954586739327878631;0.38885523924894005443;0.38387085163055217896;0.42639775300726445728;0.64727248177153662301;0.54027657735522904847
data#2025-2-20_11-57-59_dataFiles#S0064_20250220_011139_55_e2d71251-47d4-4d8c-9a45-21346b1f6cb8_R0001;190;-6.1274999999999995026;0;0.055812294656752553523;-4.6839768339768337313;0.045212913999443361812;0.081602452640248915317;0.0011504692703602785366;0.30543609933373710996;0.29108895447891919295;0.32754477809476190142;0.27938158250067512967;0.28040190146931714965
data#2025-2-20_11-57-59_dataFiles#S0064_20250220_011139_55_e2d71251-47d4-4d8c-9a45-21346b1f6cb8_R0002;191;-12.017500000000000071;0;0.075237765865467737258;-4.6864221364221370081;0.041114667408850537333;0.089583600256245982107;0.0031637904934907657047;0.30767716535433070613;0.25833033378926401058;0.28018587688597396124;0.27091547394004861227;0.28060717372515125989
data#2025-2-20_11-57-59_dataFiles#S0064_20250220_011139_55_e2d71251-47d4-4d8c-9a45-21346b1f6cb8_R0003;192;-10.734999999999999432;0;0.075771658308836239981;-4.8245817245817237406;0.034636793765655433941;0.08972270522558799255;0;0.27989097516656574749;0.20441652868763945938;0.22117584776918325362;0.21319200648123143305;0.26480121002592910129
data#2025-2-20_11-57-59_dataFiles#S0065_20250220_011247_02_54f7f7e0-a6c4-4258-bb0b-740882c08492_R0001;193;-33.629999999999995453;0;0.090145685630295679935;-2.6115830115830114266;0.098886724185917054819;0.1271767182209206648;0.13230396609143202369;0.38355542095699574068;0.36909869699805630816;0.41762448163289311864;0.42612746421820146825;0.41608686257562660371
data#2025-2-20_11-57-59_dataFiles#S0065_20250220_011247_02_54f7f7e0-a6c4-4258-bb0b-740882c08492_R0002;194;-29.117499999999996163;0;0.089447518588967656061;-3.9528314028314026629;0.086856387419983291376;0.1268811201610689221;0.084271874053890402645;0.38770442156268924982;0.40210807957190508599;0.45685273962530514869;0.39611126113961653283;0.40910760587726879844
data#2025-2-20_11-57-59_dataFiles#S0065_20250220_011247_02_54f7f7e0-a6c4-4258-bb0b-740882c08492_R0003;195;-27.359999999999999432;0;0.094663237074182948749;-4.1961389961389956582;0.10113414973559699261;0.14602544156676122711;0.098077505298213740748;0.42708964264082371898;0.43064934130012239022;0.46196582453457246675;0.39303267620847959218;0.41341832324978389224
data#2025-2-20_11-57-59_dataFiles#S0066_20250220_011354_49_943160f6-b0e5-45cc-9706-c2e807da28cd_R0001;196;-17.337499999999998579;0;0.061028013141967832333;-4.6693050193050185115;0.051690787642638458266;0.11780452091150360461;0.01524371783227368958;0.33281344639612353564;0.36118829937849444844;0.41899355901297019589;0.2909262759924385322;0.27588591184096805664
data#2025-2-20_11-57-59_dataFiles#S0066_20250220_011354_49_943160f6-b0e5-45cc-9706-c2e807da28cd_R0002;197;-16.054999999999996163;0;0.066695486771571832474;-4.3135135135135129758;0.058697467297522960827;0.11328360940788870237;0.011504692703602784065;0.26352210781344637125;0.25919660211647826964;0.31835240139995879538;0.35839859573318927355;0.30031331028522034732
data#2025-2-20_11-57-59_dataFiles#S0066_20250220_011354_49_943160f6-b0e5-45cc-9706-c2e807da28cd_R0003;198;-12.919999999999999929;0;0.066531212173612311322;-5.0544401544401535986;0.051161981630949066036;0.10836277111741557388;-0.026460793218286406125;0.27185039370078739607;0.29083819259472559748;0.35587629775594831205;0.28656494733999460234;0.28676534140017284624
data#2025-2-20_11-57-59_dataFiles#S0067_20250220_011506_37_00703bab-8e8b-4e33-a6f4-a0fefc7985a5_R0001;199;-11.019999999999999574;0;0.096798806847656918007;-4.5935006435006435765;0.059094071806290005;0.096938775510204078234;-0.027036027853466544635;0.16129618413082980055;0.13080651740935375638;0.14129437369489131204;0.078247366999729936476;0.20075626620570438674
data#2025-2-20_11-57-59_dataFiles#S0067_20250220_011506_37_00703bab-8e8b-4e33-a6f4-a0fefc7985a5_R0002;200;-13.157499999999998863;0;0.080987376794051518791;-4.3049549549549555039;0.061870303367659328087;0.096990939873707326946;0.00057523463518013926831;0.23880981223500910571;0.21105032035130658064;0.26979206493926649602;0.31452876046448818848;0.30113439930855656623
data#2025-2-20_11-57-59_dataFiles#S0067_20250220_011506_37_00703bab-8e8b-4e33-a6f4-a0fefc7985a5_R0003;201;-23.892499999999998295;0;0.063245720214421569105;-3.5787001287001287686;0.053145004174784300777;0.12380342271437723423;0.040266424462609744228;0.33644760751059960002;0.34172005855110021422;0.3916678921208199271;0.31298946799891974591;0.30482929991356955135
data#2025-2-20_11-57-59_dataFiles#S0068_20250220_011707_61_cc8001d2-0183-48ef-9db5-8f9f248d07db_R0001;202;-40.137499999999995737;0;0.082876534670586185505;-0.58931788931788919861;0.068348177010854438418;0.065587993044751533023;0.19097789887980620716;0.2680648092065414656;0.16919588222590165039;0.18245051616128935001;0.23192006481231433601;0.34198357821953323521
data#2025-2-20_11-57-59_dataFiles#S0068_20250220_011707_61_cc8001d2-0183-48ef-9db5-8f9f248d07db_R0002;203;-17.479999999999996874;0;0.087270880166003803047;-4.8844916344916340378;0.055260228221541890514;0.094434886062048126187;-0.021571298819255221857;0.20745003028467595696;0.14854222158231950024;0.16753036675391899668;0.14674588171752631083;0.23647363872082971525
data#2025-2-20_11-57-59_dataFiles#S0068_20250220_011707_61_cc8001d2-0183-48ef-9db5-8f9f248d07db_R0003;204;-11.685000000000000497;0;0.06271182777105308026;-4.0873230373230367007;0.055789034233231282744;0.11895213690857509015;0.026173175900696333401;0.25130224106602055967;0.2075852470424495444;0.2426340401752889453;0.29682689711045096015;0.26541702679343126547
data#2025-2-20_11-57-59_dataFiles#S0069_20250220_011814_08_e4c110f8-475f-4e9d-b2d0-35145a92fc85_R0001;205;-21.422499999999999432;0;0.083697907660383874529;-4.9223938223938219494;0.060548288338435840572;0.10445044385467190662;-0.021858916136845291112;0.19936402180496667902;0.12353442276773929365;0.12796682450516161378;0.054388333783418847667;0.19911408815903197667
data#2025-2-20_11-57-59_dataFiles#S0069_20250220_011814_08_e4c110f8-475f-4e9d-b2d0-35145a92fc85_R0002;206;-22.657499999999998863;0;0.079262493515476400985;-4.7304375804375808912;0.044551906484831614585;0.084123730209572616934;0.014093248561913410827;0.32095699576014530274;0.20849710843951718697;0.20773653716067172481;0.16136916014042668177;0.26664866032843559385
data#2025-2-20_11-57-59_dataFiles#S0069_20250220_011814_08_e4c110f8-475f-4e9d-b2d0-35145a92fc85_R0003;207;-15.342499999999997584;0;0.088872557496109283459;-4.8013513513513510489;0.07284302811021430013;0.093965406790518887781;-0.021571298819255221857;0.16971532404603267841;0.10960573992753100403;0.10846445692773741543;0.031555495544153384924;0.1662705272255833866
data#2025-2-20_11-57-59_dataFiles#S0070_20250220_011929_31_cf78ffec-8774-4fa3-bf4b-2aa02d649165_R0001;208;-36.717499999999994031;0;0.10460185025073491516;-3.6153796653796650418;0.11871694962426941611;0.14084378145877185506;0.14610959733575537567;0.44135372501514230636;0.38526144026108033458;0.39801035263668710362;0.38969754253308125369;0.43681936041486602029
data#2025-2-20_11-57-59_dataFiles#S0070_20250220_011929_31_cf78ffec-8774-4fa3-bf4b-2aa02d649165_R0002;209;-32.015000000000000568;0;0.11630641535535188313;-4.4932432432432429792;0.10933064291678262769;0.14684268326164545693;0.088010899182561302956;0.41058449424591159094;0.33706956542605520655;0.35140584100467631146;0.35942479071023492043;0.3937121866897147493
data#2025-2-20_11-57-59_dataFiles#S0070_20250220_011929_31_cf78ffec-8774-4fa3-bf4b-2aa02d649165_R0003;210;-31.872499999999995168;0;0.085381722289469136333;-4.4907979407979405906;0.09822571667130532147;0.14006131600622312439;0.113321223130487439;0.4742428831011507584;0.46197178028939600569;0.46397753007264486147;0.39790710234944637325;0.42429775280898873735
data#2025-2-20_11-57-59_dataFiles#S0071_20250220_012037_13_83209f1d-6264-4f44-9c2a-030bfcd5dbed_R0001;211;-15.722500000000000142;0;0.06747579111187963774;-4.7610038610038607487;0.038074032841636511193;0.082419694335133145136;0.014093248561913410827;0.34927316777710476492;0.27018453195114344734;0.27948736801858770074;0.25552254928436402004;0.30544511668107171554
data#2025-2-20_11-57-59_dataFiles#S0071_20250220_012037_13_83209f1d-6264-4f44-9c2a-030bfcd5dbed_R0002;212;-5.4150000000000000355;0;0.063533200760850769284;-5.0678893178893176241;0.046138324519899805154;0.075603550837375313454;-0.031637904934907659649;0.24706238643246516973;0.34206200657500057671;0.41751272021411134361;0.30324061571698623929;0.31796672428694899848
data#2025-2-20_11-57-59_dataFiles#S0071_20250220_012037_13_83209f1d-6264-4f44-9c2a-030bfcd5dbed_R0003;213;-10.972500000000000142;0;0.064067093204219258129;-5.1204633204633198673;0.046799332034511545442;0.076890271803788767802;-0.01927036027853466435;0.30401271956390063522;0.4281645189931130302;0.44285462192288460592;0.21498784769106127346;0.31365600691443390469
data#2025-2-20_11-57-59_dataFiles#S0072_20250220_012157_Target_ed930421-8638-4e4a-b9ec-aedbcbf570a0_R0001;214;-501.55250000000000909;0;0.92092339616116192236;-2.6739382239382236683;0.8367033119955469278;0.92970806259723615117;0.76678776869512554892;0.93211689884918225157;0.93424759436565640858;0.91381724066939207241;0.83250067512827430338;0.89888720829732060569
data#2025-2-20_11-57-59_dataFiles#S0072_20250220_012157_Target_ed930421-8638-4e4a-b9ec-aedbcbf570a0_R0002;215;-461.08249999999998181;0;0.9233053778315752913;-2.248455598455598281;0.84093376008906206565;0.92629999084835723533;0.77455343627005746043;0.93864324651726227522;0.94136011326278401512;0.92155671892003176993;0.83506616257088839284;0.8945764909248055119
data#2025-2-20_11-57-59_dataFiles#S0072_20250220_012157_Target_ed930421-8638-4e4a-b9ec-aedbcbf570a0_R0003;216;-460.51249999999998863;0;0.92630338924433675007;-2.7350707850707851598;0.83419148344002214124;0.93261187883225027395;0.74866787768695119976;0.93040581465778315895;0.93180836512850051534;0.91079968236228336931;0.81941668917094245828;0.88862359550561798027
data#2025-2-20_11-57-59_dataFiles#S0073_20250220_012302_Background_972f31ef-d3a1-45fa-abac-dc201a4c207a_R0001;217;-5.6050000000000004263;0;0.048789555593982361636;-5.7660231660231664463;0.0035694405789034231412;0.090157408254781731816;-0.15330003027550712091;0.092353119321623253213;0.10411177501019844294;0.09505308667392135813;-0.032838239265460436589;-0.011700518582541055354
data#2025-2-20_11-57-59_dataFiles#S0073_20250220_012302_Background_972f31ef-d3a1-45fa-abac-dc201a4c207a_R0002;218;-7.0300000000000002487;0;0.047434290160816183768;-5.764800514800515252;0.0035694405789034231412;0.089392330923400750708;-0.15013623978201634523;0.095850999394306468648;0.10787320327310248591;0.097819181788770914743;-0.033864434242506076533;-0.01067415730337078518
data#2025-2-20_11-57-59_dataFiles#S0073_20250220_012302_Background_972f31ef-d3a1-45fa-abac-dc201a4c207a_R0003;219;-6.3174999999999998934;0;0.047803908006225137584;-5.7611325611325607809;0.0031728360701363759327;0.084332387663585611781;-0.15272479564032695465;0.091020593579648700899;0.10326830321791087564;0.095500132349048555414;-0.032325141776937613147;-0.0088267070008643030293
