"LabelName";"LabelNumber";"sample";"ARI";"ARI2";"BGI1";"BGI2";"BRI1";"BRI2";"CAR";"CARgreen";"CARrededge";"CCI";"CI";"CRI1";"CRI2";"Ctr2";"Ctr3";"Ctr4";"Datt2";"Datt3";"Datt4";"Datt5";"Datt6";"DI";"DRIpri";"DVI";"DWSI4";"EVI";"EVI2";"FR";"FR2";"GCIa";"GCIb";"GI";"GLI";"GM1";"GM2";"GNDVI.800.550.";"GR";"GRVI";"LCI";"Lic1";"Lic2";"Lic3";"MCARI.OSAVI750";"MCARI1";"MCARI2";"MCARI705";"MCARI710";"MGRVI";"mNDI";"MSAVI";"MSAVI1";"mSRI1";"mSRI2";"MSRNir.Red";"MTCI";"MTVI";"MTVI.MSAVI";"MTVI2";"NBNDVI";"NDI";"NDRE";"NDVI";"NDVI1.760..708.";"NDVI2.800..600.";"NDVI3.780..550.";"NDVI4.800..700.";"NDVIg";"NGRDI";"NVI1";"OSAVI";"PMI";"PRI";"PRI570";"PRIm2";"PRIm3";"PRIm4";"PSND.800..635.";"PSNDa1";"PSNDc1";"PSRI";"PSSRa";"PSSRa1";"PSSRb";"PSSRc1";"R.M";"RARS";"RDVI";"reNDVI";"RGI";"RGR1";"RVI";"RVI1";"RVI2";"SAVI";"SBRI";"SIPI1";"SIPI2";"SR.520.670.";"SR.520.760.";"SR.550.670.";"SR.550.760.";"SR.550.800.";"SR.556.750.";"SR.560.658.";"SR.570.670.";"SR.605.670.";"SR.672.550.708.";"SR.672.708.";"SR.674.553.";"SR.675.555.";"SR.675.700.";"SR.675.705.";"SR.678.750.";"SR.683.510.";"SR.685.735.";"SR.694.840.";"SR.695.800.";"SR.700.";"SR.706.750.";"SR.750.705.";"SR.752.690.";"SR.760.695.";"SR.774.677.";"SR.800.550.";"SR.800.600.";"SR.801.550.";"SR.810.560.";"SR.833.658.";"SR.860.550.";"SR.860.708.";"TGI1";"TGI2";"TVI2";"TVI1";"VARI";"VARIgreen";"VIopt1";"VIopt2";"Vog1";"WDRVIa";"WDRVIb";"WDRVIc"
"CC_F01";1;1;1.05415610036537;0.175039754215232;0.511247568531823;0.539074241944733;0.431548739672479;0.455037488724342;0.611275539162917;0.776862183068794;0.957581085209262;-0.241252629602403;1.03208673013182;4.53153488498172;5.58569098534709;0.968910819996957;0.825577138116058;0.968910819996957;0.967097529418175;1.03208673013182;7.19309391004228;1.18468094454367;6.89145221317708;0.025714373;0.239290777005323;-0.000202440999999998;0.844109128796017;-0.00499011921149035;-0.00871463617494595;1.00942778591332;0.978045503776992;0.856775530980983;-0.032902470581825;0.844109128796017;-0.166984378504019;1.21127385174688;1.03208673013182;0.0839296205277815;0.520847842553823;1.85677553098098;0.777280208202748;2.19762112964234;0.455037488724342;0.445047369896816;-0.05373146973706;-0.03606356088;-0.0296772180837311;-0.000665847451267026;-0.000665847451267026;-0.573214481583831;0.0288178685630858;0.00203040882919969;-0.00816889404407595;0.392481640595664;0.00578544917125617;-0.0234593277609241;-3.40342159090328;-0.03606356088;-17.7617238269274;-0.0296772180837311;-0.0214165010520239;-0.000609217050326505;-0.0167264053204097;0.0997594467624836;0.015790039694683;0.0839296205277815;0.0997594467624836;0.00408257104374665;0.0955439560685677;-0.315055947110119;2.05363501901074;0.00319174975602104;-0.0765556356024029;-0.241252629602403;0.241252629602403;0.241252629602403;0.315055947110119;-0.281839264823348;0.0839296205277815;-0.000609217050326505;0.360113220283125;0.518468830346572;0.998782307738235;0.998782307738235;1.18323836772484;2.12555293123093;0.03208673013182;2.17591548442983;0.00234790174559061;0.015790039694683;1.18468094454367;0.520847842553823;1.00819861350961;1.00819861350961;0.469892936121722;0.00243809143313081;0.323601126602403;66.9468231568559;-446.537139215875;0.520847842553823;0.504655110222471;0.852067208949788;0.825577138116058;0.845138247099632;0.825577138116058;0.852067208949788;0.852067208949788;0.852067208949788;7.19309391004228;1.00942778591332;1.18468094454367;1.18468094454367;1.00942778591332;1.00942778591332;0.978045503776992;1.93804735940518;1.00942778591332;1.03402187430012;0.991868057146928;6.07175623375373;0.968910819996957;1.03208673013182;1.02244731573145;1.03208673013182;1.03118770327929;1.18323836772484;1.18323836772484;1.18323836772484;1.18323836772484;0.967097529418175;1.13500146380491;0.967097529418175;-2.15408912;-0.02459616582;-0.657488160000002;0.69517882208795;-0.113439844498275;-0.451382918776755;1.03208673013182;3.15827043535457;1.03208673013182;-0.907750939007054;-0.823636558930195;-0.675856637284602
"CC_F02";2;2;0.620619631378819;0.45890101928167;0.453096788343423;0.538953940877361;0.323873003816995;0.385243586451239;0.742248041002567;0.532624613191811;0.981683209603334;-0.147942171798403;1.09435045288791;0.736111709571774;1.35673134095059;0.913784060088864;0.646250495864228;0.913784060088864;1.10830050388028;1.09435045288791;2.09731835393268;1.39899523270994;2.34935335711595;0.267676905;0.133459764359086;0.0794520830000001;0.714798718836905;0.0236130475223127;0.0540695695850779;0.989403735892006;0.904101362850487;1.11130589023117;0.108300503880278;0.714798718836905;-0.136275133014465;1.54738759412897;1.09435045288791;0.221006700214118;0.524936016618098;2.11130589023117;0.910878451220481;2.59576028042863;0.385243586451239;0.348299251539975;0.263501390658511;-0.2004241188;-0.108907942893305;0.0123550305735275;0.0123550305735275;-0.567941465468701;0.0708322074762382;0.0598461332224876;0.0597320043555267;0.516369040344051;0.0747312151440243;0.0745871857270502;8.90412431459966;-0.2004241188;-3.34899028571974;-0.108907942893305;0.0566794716500066;0.0567759900628601;0.0513686278027982;0.210671260332707;0.0450499832813597;0.221006700214118;0.210671260332707;0.0514652018286464;0.214881942343814;-0.311530436821518;2.20242789379384;0.0536018611941896;0.519097827201597;-0.147942171798403;0.147942171798403;0.147942171798403;0.311530436821518;-0.366331847257249;0.221006700214118;0.0567759900628601;0.38517197970724;0.454492184515364;1.12038707552969;1.12038707552969;1.56741617745587;2.25294217893268;0.0943504528879084;2.22415388338588;0.0610348641955551;0.0450499832813597;1.39899523270994;0.524936016618098;1.1085151581742;1.1085151581742;0.497299525041724;0.0569514711027982;0.481462171298403;6.70278444734247;6.10649844133098;0.524936016618098;0.479678164552161;0.707224522828053;0.646250495864228;0.637992649548341;0.646250495864228;0.707224522828053;0.707224522828053;0.707224522828053;2.09731835393268;0.989403735892006;1.39899523270994;1.39899523270994;0.989403735892006;0.989403735892006;0.904101362850487;1.88480825199658;0.989403735892006;0.902282365205911;0.902107646093963;1.49916047238421;0.913784060088864;1.09435045288791;1.10607066982751;1.09435045288791;1.09635722396634;1.56741617745587;1.56741617745587;1.56741617745587;1.56741617745587;1.10830050388028;1.56711266098127;1.10830050388028;-5.336830305;-0.0650847363;-4.0355866;0.742542004066301;-0.234251720753973;-0.415347564646965;1.09435045288791;9.01609935497945;1.09435045288791;-0.89498912963869;-0.800455433575436;-0.637116575002741
"CC_F03";3;3;-0.214014514200543;-0.0928314210645458;1.42500700786377;1.97158852312981;1.2781978752333;1.768468679236;1.47903814823171;-0.672068189518437;-0.751855126536154;0.193235488761401;1.66786646543916;-1.80270546113943;-2.01671997533997;0.59956838315392;0.62262246871738;0.59956838315392;2.52719278362261;1.66786646543916;6.44375507887455;1.11485634225739;14.0660586211936;0.254096247;-0.0770752607870784;0.233460465;0.896976553925478;0.128713762302428;0.356584464685163;1.15772383531993;0.694134608081526;0.645405449025715;1.52719278362261;0.896976553925478;0.00399060090975905;1.60610972177093;1.66786646543916;0.414223229603942;1.5359088455183;1.64540544902571;1.11517153091745;0.565460961645083;1.768468679236;1.22755531356594;0.725261178099977;0.38585628768;0.307215492747121;0.156396541636732;0.156396541636732;0.40458753073179;-0.468044237049268;0.34180420264359;0.345659170494918;-0.124542916264758;0.804763546539515;0.813166099084671;-4.23440416652589;0.38585628768;1.12888105147831;0.307215492747121;0.371641773727752;0.368196962543238;0.432976839461012;0.349598058300683;0.250337291648974;0.414223229603942;0.349598058300683;0.429728481639571;0.232572603028801;0.21132811870009;3.30188846078435;0.394468174849954;0.366248945761401;0.193235488761401;-0.193235488761401;-0.193235488761401;-0.21132811870009;-0.41894429127831;0.414223229603942;0.368196962543238;0.174149819826832;-0.36314136407825;2.16554350237177;2.16554350237177;2.41426990805345;1.42174676232514;0.66786646543916;0.945826847797577;0.33474048252393;0.250337291648974;1.11485634225739;1.5359088455183;2.507101329118;2.507101329118;1.52315697827243;0.353389767832141;-0.106728760261401;0.305024604695129;0.340677823116646;1.5359088455183;0.920882383179211;1.03845113620266;0.62262246871738;0.414203895208331;0.62262246871738;1.03845113620266;1.03845113620266;1.03845113620266;6.44375507887455;1.15772383531993;1.11485634225739;1.11485634225739;1.15772383531993;1.15772383531993;0.694134608081526;0.753771188113219;1.15772383531993;0.395695970042519;0.398867005647435;5.77989722498869;0.59956838315392;1.66786646543916;1.4406427634603;1.66786646543916;1.86124569732405;2.41426990805345;2.41426990805345;2.41426990805345;2.41426990805345;2.52719278362261;2.43361742841736;2.52719278362261;-2.06449349;-0.01782110288;7.19909572;0.96590726235028;-0.275596712383359;1.0970262494334;1.66786646543916;51.1545244040696;1.66786646543916;-0.775631805711727;-0.596526879202095;-0.328516525012836
"CC_F04";4;4;-1.59017369878497;-0.199701447155458;0.486974866807534;0.532680820649172;0.563180550201557;0.616038933634709;1.06963608853245;-0.0625340781908564;-0.254179355550056;0.0336465376296297;1.10302694777271;-0.518875538114527;-2.10904923689949;0.906596164326951;1.08747742161617;0.906596164326951;1.29135548467469;1.10302694777271;8.26666134410699;0.864686940330682;10.2922585295226;0.000116054000000004;-0.0280241524820103;0.017093597;1.15648791875771;0.0336533850940135;0.0549658903985879;1.03720659911911;0.940327524375987;0.00647592895878968;0.291355484674686;1.15648791875771;0.220480820049307;0.919559321529484;1.10302694777271;0.000462268378265005;1.28304656626076;1.00647592895879;1.14639686118543;1.62327402604227;0.616038933634709;0.579278365383949;0.428990309903416;0.06277509876;0.0564976613397427;0.0141133425261058;0.0141133425261058;0.244201654308074;0.124864855357489;0.0344963367671639;0.049951861816828;0.283147483992413;0.135243046360793;0.192476167307807;-2.76905038923023;0.06277509876;1.81976130345973;0.0564976613397427;0.109144131189109;0.0730259190920984;0.127154204846592;-0.0201236832458629;0.0489898371876887;0.000462268378265005;-0.0201236832458629;0.0911678649524025;-0.0419058049252792;0.123977570341171;2.17431976295783;0.0623886266326847;0.13824583162963;0.0336465376296297;-0.0336465376296297;-0.0336465376296297;-0.123977570341171;-0.311129911993642;0.000462268378265005;0.0730259190920984;0.116189514227174;0.0784551081058218;1.15755762884023;1.15755762884023;1.00092496433829;1.26292857144725;0.103026947772707;1.16026453698054;0.0437400546522603;0.0489898371876887;0.864686940330682;1.28304656626076;1.20062641149375;1.20062641149375;0.916566189894435;0.0431097816939336;0.0186531093703702;2.79956542128065;3.43695636442113;1.28304656626076;1.16320509562487;1.19951690113702;1.08747742161617;0.999075890430102;1.08747742161617;1.19951690113702;1.19951690113702;1.19951690113702;8.26666134410699;1.03720659911911;0.864686940330682;0.864686940330682;1.03720659911911;1.03720659911911;0.940327524375987;0.808393573852807;1.03720659911911;0.774380108241006;0.832898552311419;9.56029397292108;0.906596164326951;1.10302694777271;1.06345924592988;1.10302694777271;1.11086051702795;1.00092496433829;1.00092496433829;1.00092496433829;1.00092496433829;1.29135548467469;1.07656297585354;1.29135548467469;5.078488705;0.05264285626;1.48136584;0.791930681844435;0.126207900962564;0.172160342006901;1.10302694777271;9.80581713171742;1.10302694777271;-0.878696733460282;-0.771266525719185;-0.589482588348301
"CC_F05";5;5;1.5502692729574;1.28298185345251;1.36967790517437;1.81159172637741;0.840437636007273;1.11159701282699;1.11007766087448;-0.28029176398112;0.791870911979044;0.0521675874379238;1.43126796919515;-0.405281510824671;1.14498776213273;0.698681184462149;0.433663274336395;0.698681184462149;2.22202750778649;1.43126796919515;4.1342574380697;1.62971985843162;9.08155867365881;0.582911771;-0.0248486511585818;0.428835263;0.613602389899307;0.159183895567184;0.426756047604108;1.01154813636861;0.7067496500585;2.22494617995319;1.22202750778649;0.613602389899307;-0.213110118937154;2.30593656225612;1.43126796919515;0.543628551582473;0.689012276111455;3.22494617995319;1.00954013479394;0.899606591652147;1.11159701282699;0.785620799821551;0.861215541285463;0.39082021524;0.224774193155953;0.151856742330447;0.151856742330447;-0.356173173174527;2.36440518827567;0.381166493111093;0.411703900014548;0.144430986718585;0.624483867280545;0.680795004021587;-37.3452438929825;0.39082021524;1.02532678580983;0.224774193155953;0.374347009201996;0.349687757975699;0.379272835142867;0.477342946712304;0.177383971927173;0.543628551582473;0.477342946712304;0.354716573766581;0.395027713830326;-0.184124016318295;3.14933731119897;0.363826058122748;0.446366517437924;0.0521675874379238;-0.0521675874379238;-0.0521675874379238;0.184124016318295;-0.462537832055739;0.543628551582473;0.349687757975699;0.419120489712612;0.106345385505409;2.07544571785143;2.07544571785143;3.38239510147934;2.44305482390058;0.431267969195147;1.66554446568488;0.392083840952283;0.177383971927173;1.62971985843162;0.689012276111455;2.09941324802683;2.09941324802683;0.84952891664452;0.377562322392717;0.144931877562076;0.886817912244202;0.89623184975812;0.689012276111455;0.481399913182512;0.620688353973969;0.433663274336395;0.295648488718138;0.433663274336395;0.620688353973969;0.620688353973969;0.620688353973969;4.1342574380697;1.01154813636861;1.62971985843162;1.62971985843162;1.01154813636861;1.01154813636861;0.7067496500585;1.46811337248944;1.01154813636861;0.450039433128426;0.476323563709941;2.53679024445855;0.698681184462149;1.43126796919515;1.41492818555655;1.43126796919515;1.73440912564242;3.38239510147934;3.38239510147934;3.38239510147934;3.38239510147934;2.22202750778649;3.57994071188852;2.22202750778649;-14.58924996;-0.15251256805;4.21935252;0.937695491693795;-0.505707400696326;-0.550831788341531;1.43126796919515;35.8560743137774;1.43126796919515;-0.800015772007491;-0.636389705984402;-0.384652715489995
"CC_F06";6;6;-1.87219933114025;-0.748355312573652;0.958759636984375;1.29574184572184;1.46866362638524;1.98486549139944;1.8778352543787;-0.439030243464729;-0.971444681035166;0.305033185288508;1.27530770977146;-1.54382013364591;-3.41601946478615;0.784124484105252;1.22864921760512;0.784124484105252;3.12546379876351;1.27530770977146;3.37809195369417;0.652810909019467;10.3218048377811;0.096917828;-0.147471217461478;0.202047401;1.53183714638289;0.179956652440624;0.496596704725894;1.02289321258229;0.802075612610856;0.0622190629054338;2.12546379876351;1.53183714638289;0.320184918563143;0.813901954822547;1.27530770977146;0.137957009668057;2.94239098874256;1.06221906290543;1.01088820167692;0.503812477134129;1.98486549139944;1.59201220496435;0.798976501465559;0.46822262232;0.367405123097386;0.0822228532674486;0.0822228532674486;0.792910599427194;-0.1542078200824;0.269995406593484;0.473664862712887;-0.249149052614543;0.609938937369274;1.04644720450076;-12.0257350855331;0.46822262232;1.73418736350939;0.367405123097385;0.506844174797555;0.338215563884133;0.515206023478029;-0.0313751902726096;0.120998012088271;0.137957009668057;-0.0313751902726096;0.348199855889768;-0.102595426771928;0.492693645630032;2.68540317370414;0.318083660637062;0.498281598288508;0.305033185288508;-0.305033185288508;-0.305033185288508;-0.492693645630032;-0.431177562485942;0.137957009668057;0.338215563884133;-0.176941224607725;-1.51718079138843;2.02213211863725;2.02213211863725;1.32006990652504;0.699320202388696;0.275307709771464;0.431172680293399;0.268129332384481;0.120998012088271;0.652810909019467;2.94239098874256;2.06842521909869;2.06842521909869;2.89156828550093;0.283363402091851;-0.208408978788508;0.035678472742855;0.0364596969005307;2.94239098874256;2.3072008160837;1.56690581981649;1.22864921760512;0.757535638875675;1.22864921760512;1.56690581981649;1.56690581981649;1.56690581981649;3.37809195369417;1.02289321258229;0.652810909019467;0.652810909019467;1.02289321258229;1.02289321258229;0.802075612610856;0.347640139089548;1.02289321258229;0.319952514054272;0.483459585952904;5.17468673856587;0.784124484105252;1.27530770977146;1.24676524791082;1.27530770977146;1.43863792579332;1.32006990652504;1.32006990652504;1.32006990652504;1.32006990652504;3.12546379876351;1.99467240419693;3.12546379876351;23.71328426;0.25390999249;7.57431268;1.00757432652784;-1.47842955071056;1.01584941586219;1.27530770977146;24.3187490489562;1.27530770977146;-0.729695038684532;-0.523755678780974;-0.230698978872042
"CC_F07";7;7;0.437701514187343;0.272510753215796;0.112061731693675;0.174141973917221;0.0902301102545421;0.140216015485519;0.265582290102213;3.52634750052443;3.80060876040914;-0.580300242537744;0.995159205021543;5.62780044538236;6.0655019595697;1.00486434226205;0.788746399648811;1.00486434226205;0.973896612777697;0.995159205021543;1.98394877984438;1.24195494583288;1.98201763983457;0.131228683;0.583475389540414;0.012340184;0.805182187449947;-0.00680023352210888;-0.0131269455827711;0.974845509839236;0.979587492051719;3.67179512903395;-0.0261033872223028;0.805182187449947;-0.463282640209416;1.26783463030101;0.995159205021543;0.117803636721031;0.208463039555222;4.67179512903395;27.5091875402977;7.13185292377157;0.140216015485519;0.137353854954945;11.7077326160951;-0.21493644048;-0.123127862478486;-0.0292092418504244;-0.0292092418504244;-0.916706015539551;-0.00281150398241078;-0.00303045472102914;-0.0146294704883532;0.755237613222135;-0.00385316792132103;-0.0185795274901238;-0.19244257973503;-0.21493644048;70.9254749752563;-0.123127862478486;-0.000486927978066355;0.0100094795008754;-0.0132242930320295;0.120959545998715;-0.00242627002711025;0.117803636721031;0.120959545998715;-0.00272831542021597;0.118101481793431;-0.65499476155771;2.04761274392861;-0.00280535659925746;0.0457012744622564;-0.580300242537744;0.580300242537744;0.580300242537744;0.65499476155771;-0.212469475437612;0.117803636721031;0.0100094795008754;0.738618089145629;0.829339395178305;1.02022136433353;1.02022136433353;1.26706896927839;6.65163891205271;-0.00484079497845691;6.65565834649151;-0.00304863638688969;-0.00242627002711025;1.24195494583288;0.208463039555222;0.994558216062598;0.994558216062598;0.153378945824148;-0.00292225655866853;0.893301001037744;-157.644859264395;43.5185942122094;0.208463039555222;0.209477075128606;0.784928240038115;0.788746399648811;0.789223021197898;0.788746399648811;0.784928240038115;0.784928240038115;0.784928240038115;1.98394877984438;0.974845509839236;1.24195494583288;1.24195494583288;0.974845509839236;0.974845509839236;0.979587492051719;4.67634700097999;0.974845509839236;1.02680303728324;1.00547155897917;1.59744021834375;1.00486434226205;0.995159205021543;1.02083786095056;0.995159205021543;1.02677488297805;1.26706896927839;1.26706896927839;1.26706896927839;1.26706896927839;0.973896612777697;1.2407460492572;0.973896612777697;-14.64677561;-0.16583858275;-5.56723062;0.697693132378391;-0.117942505281865;-0.738529668192824;0.995159205021543;-0.485254957620945;0.995159205021543;-0.907132505632322;-0.822506690714815;-0.6739492910893
"CC_F08";8;8;5.46918034651229;2.53676118584178;2.84416262079797;4.24098777730974;1.86708546844207;2.78404849038971;1.5909285623799;-1.67630829814091;0.64852817084108;0.228075976682701;1.95600956464328;-3.94351711236803;1.52566323414427;0.511244943826423;0.247883712685029;0.511244943826423;2.56599617505899;1.95600956464328;7.84167102098017;1.52331677840715;27.2430314223991;0.369639319;-0.0955220888229652;0.320348591;0.656462276379342;0.134369569467625;0.387095546092355;0.738599810495467;0.377605418626961;2.32649105123145;1.56599617505899;0.656462276379342;-0.329096043295867;4.03414967917089;1.95600956464328;0.662415296314898;0.771382257020974;3.32649105123145;0.856954848672379;0.359189146112904;2.78404849038971;1.05127179569137;0.857033677310962;0.23207025636;0.178650683725196;0.251458530304111;0.251458530304111;-0.253894450046487;-0.826579019237534;0.339467294001745;0.375154045487388;-0.0328135977008417;0.753941425770071;0.829278222193136;3.65726423708925;0.23207025636;0.683630678008135;0.178650683725196;0.552986317405126;0.5274893095263;0.43914690262759;0.637224025574988;0.32341220274727;0.662415296314898;0.637224025574988;0.409625093563531;0.602713441700964;-0.129061777644485;5.6109103836852;0.382233231040458;0.422335181682701;0.228075976682701;-0.228075976682701;-0.228075976682701;0.129061777644485;-0.570203700033644;0.662415296314898;0.5274893095263;0.32754445766584;-0.240723077637257;3.23270846633114;3.23270846633114;4.92443904646105;1.97417431204121;0.956009564643282;1.61726332530644;0.332298522344888;0.32341220274727;1.52331677840715;0.771382257020974;2.38767786061927;2.38767786061927;1.63749900229866;0.349156483677701;-0.130946374182701;0.238801945762364;0.2009487502319;0.771382257020974;0.394365278659387;0.484862912931205;0.247883712685029;0.203068814653854;0.247883712685029;0.484862912931205;0.484862912931205;0.484862912931205;7.84167102098017;0.738599810495467;1.52331677840715;1.52331677840715;0.738599810495467;0.738599810495467;0.377605418626961;0.957501684505798;0.738599810495467;0.389712194320403;0.418816967101517;5.14776120905056;0.511244943826423;1.95600956464328;2.64826708164351;1.95600956464328;2.96264330204168;4.92443904646105;4.92443904646105;4.92443904646105;4.92443904646105;2.56599617505899;5.29220962590527;2.56599617505899;-16.530787535;-0.16958038589;7.14001464;0.969095920240917;-18.1159499229466;0.802405621433834;1.95600956464328;67.0906461500098;1.95600956464328;-0.772578515466111;-0.591596855623435;-0.321703020808365
"CC_F09";9;9;1.09255202329521;0.630930660367055;0.407575907396243;0.427090091677744;0.251724794577615;0.263777037952331;0.287754604295817;4.0050555572832;4.63605510414787;-0.553090933108067;0.984364213012866;6.93460331986247;8.02715534315768;1.01588414814399;0.619722841759879;1.01588414814399;0.968233576515987;0.984364213012866;2.76726074957307;1.61913294270491;2.71265393970853;0.220551189;0.560388814247352;-0.000437303;0.617614510596892;-0.00746996933458164;-0.015641291114268;0.987724506060415;1.00341366844012;4.51574954253229;-0.0317664234840128;0.617614510596892;-0.564314296557794;1.61362456345843;0.984364213012866;0.236031146084751;0.175539800901016;5.51574954253229;1.6298054647216;3.79108055713597;0.263777037952331;0.264677485302018;6.48870765024627;-0.36691905384;-0.216123096095186;-0.0521250606151743;-0.0521250606151743;-0.940213821168398;-0.0106853927820454;-0.0070487310285221;-0.0172873165198997;0.574218761122197;-0.00923870065490902;-0.0226427933580724;-1.27373994595144;-0.36691905384;52.0546254858204;-0.216123096095186;-0.00996490145573804;-0.000378484892509587;-0.0161395597875346;0.236082692472976;-0.00787949454268475;0.236031146084751;0.236082692472976;-0.00655412112938628;0.234779153837788;-0.701346052653479;1.99595036139785;-0.00668303360072226;0.0320122028919334;-0.553090933108067;0.553090933108067;0.553090933108067;0.701346052653479;-0.316708911104806;0.236031146084751;-0.000378484892509587;0.678322768254274;0.811239017337249;0.999243316608213;0.999243316608213;1.61790777169807;5.21741237061168;-0.0156357869871337;5.2035999246575;-0.00706687010320564;-0.00787949454268475;1.61913294270491;0.175539800901016;0.986977111331019;0.986977111331019;0.191520862379345;-0.00687458922100652;0.845642501108067;-55.7816384117399;-971.960382160653;0.175539800901016;0.178328101103693;0.61003298741506;0.619722841759879;0.618082203134763;0.619722841759879;0.61003298741506;0.61003298741506;0.61003298741506;2.76726074957307;0.987724506060415;1.61913294270491;1.61913294270491;0.987724506060415;0.987724506060415;1.00341366844012;5.62678378914978;0.987724506060415;1.03280863652583;1.01319472206546;1.70910039354156;1.01588414814399;0.984364213012866;0.996597945047499;0.984364213012866;0.99935241635035;1.61790777169807;1.61790777169807;1.61790777169807;1.61790777169807;0.968233576515987;1.58718232700621;0.968233576515987;-19.86779812;-0.21847108436;-9.67574976;0.695600776460511;-0.268134908167529;-0.901048653075717;0.984364213012866;-1.57593152373326;0.984364213012866;-0.907647578134537;-0.823447673727688;-0.675537639704375
"CC_F10";10;10;6.6719358607493;2.93203763110554;1.79200701375292;1.63467546017496;0.577487774704846;0.526786495039474;0.717025565448221;1.58172747732369;4.41661947385434;-0.164805021105152;1.18649526653265;3.72260540817904;10.3945412689283;0.842818364478054;0.246674046589658;0.842818364478054;1.23388497243469;1.18649526653265;8.56684328771426;3.10310813881526;11.6388244788871;0.333443736;0.135840368117294;0.110483631;0.32225754155696;0.0430478096785696;0.0914382565175511;0.908210207404413;0.765456241606862;4.87963770172835;0.233884972434692;0.32225754155696;-0.557763949073036;4.05393276603395;1.18649526653265;0.611292972888353;0.209857313499433;5.87963770172835;0.718155035478255;1.8983022712552;0.526786495039474;0.403232010622168;0.0403695055092443;-0.28846647216;-0.195472410231136;0.00332291193219833;0.00332291193219833;-0.915635247409699;0.151667850429897;0.0861638640209199;0.0941454153171557;0.478927659188605;0.143326544672663;0.156484712076988;2.03176476663719;-0.28846647216;-3.34788226407723;-0.195472410231136;0.152035618256113;0.143777835844867;0.104698753660437;0.600632638288469;0.0852941551656746;0.611292972888353;0.600632638288469;0.0963415838931318;0.604268578038585;-0.653087498570498;2.59799301572378;0.0931627626847213;0.197418032894848;-0.164805021105152;0.164805021105152;0.164805021105152;0.653087498570498;-0.610421577248679;0.611292972888353;0.143777835844867;0.6368932487438;0.538631959105556;1.33584235929407;1.33584235929407;4.14526329729961;4.50802207086711;0.186495266532649;4.40869905537668;0.086261037033328;0.0852941551656746;3.10310813881526;0.209857313499433;1.21322566619407;1.21322566619407;0.296325603179029;0.0890024867529793;0.345916548105152;3.4460804245191;2.40903460169588;0.209857313499433;0.17687159773735;0.292677588655083;0.246674046589658;0.2412391996068;0.246674046589658;0.292677588655083;0.292677588655083;0.292677588655083;8.56684328771426;0.908210207404413;3.10310813881526;3.10310813881526;0.908210207404413;0.908210207404413;0.765456241606862;4.3277510431242;0.908210207404413;0.810448317582479;0.824248965270439;2.76072985680254;0.842818364478054;1.18649526653265;1.30641040681931;1.18649526653265;1.29158260890447;4.14526329729961;4.14526329729961;4.14526329729961;4.14526329729961;1.23388497243469;4.21585054771245;1.23388497243469;-15.854331935;-0.17096447782;-6.19516626;0.777623786712082;-0.660611521183946;-1.08027930375391;1.18649526653265;17.1003807448428;1.18649526653265;-0.883781514872432;-0.780328003097351;-0.604136111625175
"CC_F11";11;11;-0.289590561210129;-0.145520770118772;0.22617323023082;0.263562479693055;0.261844129907533;0.305130222975857;1.13634271995578;-0.12812027649506;-0.256786948638634;0.063820621420988;1.1394718319695;-0.28836078647624;-0.577951347686369;0.877599578983511;0.983346377290085;0.877599578983511;1.6147575056348;1.1394718319695;2.32606612214922;0.863770481739232;3.88079671083488;0.0864160490000001;-0.0471624925007249;0.143099677;1.15771494990945;0.122729769481792;0.229124523889157;0.967850936086586;0.849385574028385;0.268200330381183;0.614757505634797;1.15771494990945;0.325679505123255;1.01693566284935;1.1394718319695;0.094074216984042;1.27326690188564;1.26820033038118;0.950303389350542;3.27728925128182;0.305130222975857;0.259173209595757;0.912075299244365;0.25867491756;0.171566231923223;0.0574096284986329;0.0574096284986329;0.236993195666612;0.0900497601456517;0.140708212849052;0.232097063176228;0.651692930941919;0.230249868751854;0.380179005799427;4.33828594030387;0.25867491756;1.838378246176;0.171566231923223;0.250485733376225;0.166026091659026;0.235110714592078;0.0327946017962929;0.0651898425982569;0.094074216984042;0.0327946017962929;0.150096067154988;0.00839672933613812;0.120208894810799;2.41354481817849;0.147165697750956;0.435164528420988;0.063820621420988;-0.063820621420988;-0.063820621420988;-0.120208894810799;-0.339673574065215;0.094074216984042;0.166026091659026;0.318599298779333;0.235693631324452;1.39815656101113;1.39815656101113;1.20768636625145;1.93513052806841;0.139471831969496;1.62948204207145;0.140309650397486;0.0651898425982569;0.863770481739232;1.27326690188564;1.35320713637022;1.35320713637022;0.722512792150888;0.143204935984194;0.121851332079012;2.99508830797202;2.74521744727628;1.27326690188564;1.11741849702848;1.1204954979913;0.983346377290085;0.828029551334516;0.983346377290085;1.1204954979913;1.1204954979913;1.1204954979913;2.32606612214922;0.967850936086586;0.863770481739232;0.863770481739232;0.967850936086586;0.967850936086586;0.849385574028385;0.760132015254028;0.967850936086586;0.619288033348932;0.738985165776137;2.69292152409007;0.877599578983511;1.1394718319695;1.17732161997677;1.1394718319695;1.23622319820171;1.20768636625145;1.20768636625145;1.20768636625145;1.20768636625145;1.6147575056348;1.44111021287417;1.6147575056348;25.340924625;0.26109983032;4.89733166;0.857385977604065;0.109890407464107;0.138156884111476;1.1394718319695;13.0564849757431;1.1394718319695;-0.85058749743421;-0.721947271847663;-0.511771216326748
"CC_F12";12;12;0.261968430538686;0.187433949942153;0.133690249823018;0.176107940539588;0.113964508584972;0.150123549982701;0.412988363402141;1.7148840964654;1.90239596865525;-0.415439823711268;1.02760166920142;2.3958242753395;2.65779270587818;0.973139719378942;0.821895741305453;0.973139719378942;0.998106316136643;1.02760166920142;1.67000476084184;1.17308670465015;1.68237524445489;0.122210854;0.407869499026494;0.019523339;0.852451908316728;-0.000496392195184188;-0.000981853845909865;0.990767253184699;0.964154966734004;1.86152442852163;-0.00189368386335709;0.852451908316728;-0.244338731041546;1.2166993327057;1.02760166920142;0.0933794686779745;0.348802304879257;2.86152442852163;-0.258028017439961;6.66118007544607;0.150123549982701;0.144742366339562;-0.457741540266437;-0.15153540924;-0.0822218834701413;-0.00649822021860926;-0.00649822021860926;-0.783066673867796;0.0159535539247904;0.0107742216730962;-0.00110696844374658;0.765069629960778;0.013063885794276;-0.00133967107977945;2.98954035603743;-0.15153540924;-14.0646270178747;-0.0822218834701413;0.00369006007478288;0.0138321877695635;-0.000947739290979536;0.0935854752089936;0.0136129643315437;0.0933794686779745;0.0935854752089936;0.00919499448834184;0.0977576568497434;-0.482796991645887;2.06565746368265;0.00958465447639385;0.287005302288732;-0.415439823711268;0.415439823711268;0.415439823711268;0.482796991645887;-0.229882651120966;0.0933794686779745;0.0138321877695635;0.690951930709885;0.782997237768522;1.0280524016258;1.0280524016258;1.20599460403088;5.47148517896912;0.0276016692014174;5.52005153581133;0.0109491038964327;0.0136129643315437;1.17308670465015;0.348802304879257;1.01856065408873;1.01856065408873;0.187892750870888;0.0101968168521947;0.766662386711269;46.8638202444713;31.2960317392429;0.348802304879257;0.339433377088928;0.84458143567502;0.821895741305453;0.829191106376121;0.821895741305453;0.84458143567502;0.84458143567502;0.84458143567502;1.67000476084184;0.990767253184699;1.17308670465015;1.17308670465015;0.990767253184699;0.990767253184699;0.964154966734004;2.84048367606879;0.990767253184699;1.00189727670564;0.981777566201656;1.42359874527765;0.973139719378942;1.02760166920142;1.03717766801266;1.02760166920142;1.02847979566999;1.20599460403088;1.20599460403088;1.20599460403088;1.20599460403088;0.998106316136643;1.18177629057039;0.998106316136643;-7.577999705;-0.09267187744;-3.20360104;0.706436310440666;-0.0886409419714919;-0.542635440172386;1.02760166920142;2.72276106211097;1.02760166920142;-0.904933682960771;-0.818494877673222;-0.667192856034763
"CC_F13";13;13;2.73133694433826;1.15523006895522;3.76988255096684;6.00654198403582;3.12578690146193;4.9803064161681;1.98876151840337;-2.87164967436094;-2.02883303062923;0.330826501985872;3.07706644984176;-9.30622681114943;-6.57488986681117;0.324984856941073;0.277563539098997;0.324984856941073;7.65086274868412;3.07706644984176;19.2811320848456;1.20605872051088;143.210610538957;0.369530213;-0.0489263717709535;0.358521762;0.829147024927946;0.244110185668857;0.638578717658239;1.03007238545551;0.334757926826208;3.50431144582914;6.65086274868412;0.829147024927946;-0.286857217702837;3.60277867635682;3.07706644984176;0.775708102139352;1.6985643290205;4.50431144582914;1.00454211412923;0.200790858320202;4.9803064161681;1.6671970508357;0.865263540264817;0.50474134872;0.495677618805478;0.314208450698721;0.314208450698721;0.485215489210036;-0.335927161094315;0.560961586702632;0.624224110475786;-0.334907695040898;2.06810810412469;2.26124841106171;-69.0688955458742;0.50474134872;0.899778809609589;0.495677618805478;0.762681699715845;0.73560071146183;0.768809186077513;0.704837963422349;0.509451213365035;0.775708102139352;0.704837963422349;0.742325205932301;0.56547986756925;0.258865175644731;7.77633598549672;0.647658934460162;0.393377741985872;0.330826501985872;-0.330826501985872;-0.330826501985872;-0.258865175644731;-0.519185696487778;0.775708102139352;0.73560071146183;0.385587440829912;-0.639662889681461;6.56431687489684;6.56431687489684;7.91695161116605;2.255141793816;2.07706644984176;1.02625065378222;0.517238922328317;0.509451213365035;1.20605872051088;1.6985643290205;6.76172154221083;6.76172154221083;2.91082223428139;0.548555382360818;-0.299550881985872;0.283187137707996;0.284672942670632;1.6985643290205;0.552007685471935;0.854081453860867;0.277563539098997;0.126311243154449;0.277563539098997;0.854081453860867;0.854081453860867;0.854081453860867;19.2811320848456;1.03007238545551;1.20605872051088;1.20605872051088;1.03007238545551;1.03007238545551;0.334757926826208;0.606437076215721;1.03007238545551;0.130704213740077;0.14789133118798;15.9868933053925;0.324984856941073;3.07706644984176;2.9872332209751;3.07706644984176;4.78910276452162;7.91695161116605;7.91695161116605;7.91695161116605;7.91695161116605;7.65086274868412;8.95800127036885;7.65086274868412;-11.349356745;-0.11389217802;7.43028948;1.12641430480863;0.157952196366023;-0.287296296225921;3.07706644984176;112.39766917654;3.07706644984176;-0.446609473402546;-0.133089089454905;0.209540076542199
"CC_F14";14;14;-2.45248483570106;-0.557015634859416;0.4865512261049;0.529712034014012;0.701006401524848;0.763191020565863;1.95883737159328;-0.488415655113854;-0.889216837337006;0.32405882824069;1.24203552739488;-2.9885939483552;-5.44107878405626;0.805129948333651;1.12853885113184;0.805129948333651;4.23283908761404;1.24203552739488;5.93987713549036;0.694075296668534;25.8435458200318;0.063335881;-0.166721622475432;0.113442397;1.44076587194482;0.331784447675755;0.532038581343652;0.972875173159871;0.783290937901299;0.541639553979151;3.23283908761404;1.44076587194482;0.518239179151519;0.886101527649735;1.24203552739488;0.162021621572257;2.74567364121437;1.54163955397915;0.991679408867116;1.31028795288833;0.763191020565863;0.597800610296884;0.511430706971245;0.23201459964;0.207089301718115;0.0397611564024615;0.0397611564024615;0.765772958588636;0.319706098823139;0.171999473097173;0.511152134110801;0.286685172853973;0.550036919916807;1.41323829890151;8.9230257144651;0.23201459964;1.34892622321535;0.207089301718115;0.626227977785612;0.332867426590896;0.617798299066001;-0.00110178164446781;0.107953475508086;0.162021621572257;-0.00110178164446781;0.320585723281518;-0.0603883039595402;0.466050651612139;2.71425938738467;0.253816167696164;0.44090893824069;0.32405882824069;-0.32405882824069;-0.32405882824069;-0.466050651612139;-0.455376883438924;0.162021621572257;0.332867426590896;0.0736014996984589;-0.56707863741245;1.99790488385214;1.99790488385214;1.38669642497519;1.15889814086379;0.242035527394882;0.740538011431172;0.188021019942585;0.107953475508086;0.694075296668534;2.74567364121437;1.9437120598346;1.9437120598346;1.72396935796531;0.195988819207335;-0.26563377324069;1.27286967569118;1.23730616340908;2.74567364121437;2.21062407689199;1.40168534715115;1.12853885113184;0.721138370294633;1.12853885113184;1.40168534715115;1.40168534715115;1.40168534715115;5.93987713549036;0.972875173159871;0.694075296668534;0.694075296668534;0.972875173159871;0.972875173159871;0.783290937901299;0.35433023013237;0.972875173159871;0.236248054627486;0.514479495530368;8.55797226035988;0.805129948333651;1.24203552739488;1.27666484011591;1.24203552739488;1.43759454726877;1.38669642497519;1.38669642497519;1.38669642497519;1.38669642497519;4.23283908761404;3.01982117186076;4.23283908761404;21.183712055;0.22233712959;3.57439176;1.05725980679585;0.614910735960164;0.581274279264703;1.24203552739488;21.675158809;1.24203552739488;-0.65065264764808;-0.405201019760335;-0.0830904670931736
"CC_F15";15;15;2.00404305585593;1.34215677364245;0.179775691127072;0.27257812962088;0.0809848083579952;0.122790169524781;0.212588676562253;8.77138669870966;10.1079079369435;-0.649363909343188;1.01780856314937;13.1522314056195;15.1562744614755;0.982503032697755;0.428001138989466;0.982503032697755;1.02013693676839;1.01780856314937;3.43381068100267;2.21986931588909;3.62239984383017;0.388105433;0.626820236446825;0.04456695;0.450476968550505;0.00532297931655158;0.0101353830692089;0.967026628914821;0.950106595608298;10.0155787393846;0.0201369367683941;0.450476968550505;-0.715915605537362;2.33644238041294;1.01780856314937;0.407955054455945;0.0926085647339656;11.0155787393846;0.379153079359139;8.143974422954;0.122790169524781;0.116663749941355;-7.11638475189029;-0.53569290648;-0.300217285568697;-0.0648962511850226;-0.0648962511850226;-0.982993163990272;0.010002979674708;0.0200487367074971;0.0112822255547145;0.803641689332847;0.0252055685076844;0.0141678190551467;0.540089246664093;-0.53569290648;-26.7195342178184;-0.300217285568697;0.0267266916376424;0.0344177669489583;0.00996810483580739;0.406199836538063;0.00882569510041852;0.407955054455945;0.406199836538063;0.0176649059391092;0.400559106987346;-0.83048171555105;2.11930442912177;0.0182703114583877;-0.00288991234318781;-0.649363909343188;0.649363909343188;0.649363909343188;0.83048171555105;-0.429899014761105;0.407955054455945;0.0344177669489583;0.833614197954659;0.85774586926725;1.07128914715053;1.07128914715053;2.37812190620446;11.0202563885528;0.0178085631493698;10.8271127741832;0.0202661861688404;0.00882569510041852;2.21986931588909;0.0926085647339656;1.03596513256201;1.03596513256201;0.0972109095631682;0.0192026280021459;0.972600907843188;25.5031388326189;13.3049561614605;0.0926085647339656;0.0909881957049076;0.435623224301162;0.428001138989466;0.420499890014479;0.428001138989466;0.435623224301162;0.435623224301162;0.435623224301162;3.43381068100267;0.967026628914821;2.21986931588909;2.21986931588909;0.967026628914821;0.967026628914821;0.950106595608298;10.4420863415039;0.967026628914821;0.980260555183715;0.965283452664985;1.54685262615443;0.982503032697755;1.01780856314937;1.05251348072135;1.01780856314937;1.06679094840042;2.37812190620446;2.37812190620446;2.37812190620446;2.37812190620446;1.02013693676839;2.34178730577306;1.02013693676839;-21.54482438;-0.23908138427;-13.90343002;0.714120511423532;-0.40607168693842;-0.931740420359279;1.01780856314937;1.76518485282128;1.01780856314937;-0.902937174973016;-0.814859480853685;-0.661091783298869
"CC_F16";16;16;0.0524395965793554;0.0393865322034436;0.0910149972452137;0.136988010390699;0.0884639851408953;0.133148444569347;0.616044017677799;0.65382199633177;0.693009608207398;-0.237590052079109;1.00517008533067;0.874923479163834;0.927363075743189;0.994856506967203;0.957692767263075;0.994856506967203;1.00391759420613;1.00517008533067;1.39031305418172;1.02883673056618;1.40928374518604;0.038723654;0.234085067142001;0.0181815160000001;0.971971519183311;0.00104812488008272;0.00205960994936822;0.990403629726976;0.985309495557819;0.692858109436148;0.00391759420612692;0.971971519183311;0.0233792781537417;1.04417620575525;1.00517008533067;0.0264606330600805;0.593031151642419;1.69285810943615;0.289892297125021;7.51041443431339;0.133148444569347;0.131192426752931;-0.918864447797232;-0.0271683992399999;-0.0144082744437479;-0.0024807515282014;-0.0024807515282014;-0.479633641755099;0.0029688757230287;0.00888802602904315;0.00233466334156152;0.771554012645599;0.0105481869169615;0.00276744832021285;0.53875425640959;-0.0271683992399999;-3.05674163770701;-0.0144082744437479;0.00677622256483799;0.0122518100762388;0.00195496771796096;0.0239306103663019;0.00257837744962241;0.0264606330600805;0.0239306103663019;0.00743093030409437;0.0216107621402063;-0.255468229819609;2.03454133527632;0.00778456261318554;0.502413594920891;-0.237590052079109;0.237590052079109;0.237590052079109;0.255468229819609;-0.246661631037841;0.0264606330600805;0.0122518100762388;0.558203722210466;0.699015128774217;1.0248075576371;1.0248075576371;1.05435965705887;3.52697340504252;0.00517008533067398;3.49290840485121;0.00907391584348933;0.00257837744962241;1.02883673056618;0.593031151642419;1.01497312485542;1.01497312485542;0.290562882093733;0.00834732317165652;0.607591875579109;58.9791663789903;35.943043088376;0.593031151642419;0.589980900045715;0.962644120590395;0.957692767263075;0.948442965647506;0.957692767263075;0.962644120590395;0.962644120590395;0.962644120590395;1.39031305418172;0.990403629726976;1.02883673056618;1.02883673056618;0.990403629726976;0.990403629726976;0.985309495557819;1.67007015901951;0.990403629726976;0.996097693447414;0.985247762242417;1.35134469141339;0.994856506967203;1.00517008533067;1.01490953300299;1.00517008533067;1.01963180227332;1.05435965705887;1.05435965705887;1.05435965705887;1.05435965705887;1.00391759420613;1.04287511109549;1.00391759420613;9.93507972;0.09071706406;-0.876186559999999;0.70848780350685;-0.0166696424643115;-0.278524407554502;1.00517008533067;0.51567663267113;1.00517008533067;-0.904406633695511;-0.817534512484042;-0.665579156124687
"CC_F17";17;17;1.57608561584977;1.40361602163435;0.78951945722735;0.938786382055;0.346524878291242;0.412039036916865;0.388052406400768;3.8411379671486;5.24161585732192;-0.440867787683909;1.03153511643557;4.32278320207405;5.89886881792382;0.969428945332919;0.412042782029999;0.969428945332919;1.02413994022992;1.03153511643557;2.65457102993652;2.27839184626677;2.80736517488413;0.525766248;0.424887469940884;0.059402926;0.438906065099617;0.00539710810960422;0.0131502721651993;0.968399921840406;0.938794914890226;5.20929930499234;0.0241399402299243;0.438906065099617;-0.618399481825865;2.42693245364797;1.03153511643557;0.418811906840968;0.164936475103802;6.20929930499234;0.433080952023222;2.42695451256907;0.412039036916865;0.386820152593819;-4.81862237719185;-0.72335266488;-0.354012866044067;-0.0794736430874175;-0.0794736430874175;-0.947032839166093;0.0255656005089386;0.0234112015727368;0.0151073594583306;0.452114473914513;0.0263481956457337;0.0169674244160888;0.997944254324309;-0.72335266488;-30.8977163189424;-0.354012866044067;0.0279743554699086;0.0345017036613193;0.0119260233693043;0.417888647492185;0.0155228015407854;0.418811906840968;0.417888647492185;0.0184582393260502;0.416387679929028;-0.716831812500153;2.13426905559743;0.019616848990895;0.417422241316091;-0.440867787683909;0.440867787683909;0.440867787683909;0.716831812500153;-0.465353714445133;0.418811906840968;0.0345017036613193;0.658474979747266;0.731654887802488;1.07146921707093;1.07146921707093;2.44122672770024;4.85608632281163;0.0315351164355657;4.82765216389795;0.0244100075196805;0.0155228015407854;2.27839184626677;0.164936475103802;1.03761070606589;1.03761070606589;0.220644598519113;0.0215314961811832;0.870012802183909;16.9789988468101;9.22677212903621;0.164936475103802;0.159894193106808;0.425036599137749;0.412042782029999;0.40963012105887;0.412042782029999;0.425036599137749;0.425036599137749;0.425036599137749;2.65457102993652;0.968399921840406;2.27839184626677;2.27839184626677;0.968399921840406;0.968399921840406;0.938794914890226;5.87135090179991;0.968399921840406;0.976429060832737;0.963752584812383;1.16510732527687;0.969428945332919;1.03153511643557;1.06519537349319;1.03153511643557;1.06907368210425;2.44122672770024;2.44122672770024;2.44122672770024;2.44122672770024;1.02413994022992;2.40953353736489;1.02413994022992;-37.140054135;-0.40207871252;-18.1154376;0.715490058190402;-0.46056938538432;-1.09027811020024;1.03153511643557;3.1048096997736;1.03153511643557;-0.902574855081684;-0.814200482616776;-0.659987998157016
"CC_F18";18;18;-2.66468347545434;-0.76042516008839;1.87339768765588;2.98495997783232;2.11677040770023;3.37273553334586;2.96922241858354;-1.15769591132338;-1.71137874209859;0.496122970928467;1.73050248622611;-5.57158899109312;-8.23627246654746;0.577866838077074;0.761160045081109;0.577866838077074;4.72715756347683;1.73050248622611;9.79335429536132;0.885026397213877;39.7124891747954;0.166337133;-0.15710978873456;0.180022962;1.12990980059811;0.181702848277825;0.512175809051068;1.16574734525852;0.673646732401287;0.208673878993114;3.72715756347683;1.12990980059811;0.226622314746994;1.31378414626774;1.73050248622611;0.411312027941055;3.91102814881281;1.20867387899311;1.04653980729618;0.296495230685333;3.37273553334586;2.27203227129215;0.538138343943456;0.32551877052;0.306878201006807;0.101312877539083;0.101312877539083;0.877271559088133;-0.142314573732385;0.309130633394289;0.495869044613277;-0.446342913372008;1.05823223149157;1.55742874823524;-4.40732540896334;0.32551877052;1.05301363034057;0.306878201006807;0.604355623139115;0.460746295161147;0.650786628823628;0.271559346423721;0.267534085726381;0.411312027941055;0.271559346423721;0.518977618894662;0.135615133664863;0.592753301468353;3.4568178024935;0.422221733977043;0.586493069928467;0.496122970928467;-0.496122970928467;-0.496122970928467;-0.592753301468353;-0.577025256234477;0.411312027941055;0.460746295161147;-0.208280151656205;-2.11125562064726;2.70882941007826;2.70882941007826;2.39738553346856;0.655245265146973;0.730502486226113;0.359079017224905;0.318121750912147;0.267534085726381;0.885026397213877;3.91102814881281;3.15781069355695;3.15781069355695;4.13406941516878;0.33400525248902;-0.450937921428467;-0.358672242662913;-0.388515155083383;3.91102814881281;2.26005346998489;1.31718935042884;0.761160045081109;0.417121062106849;0.761160045081109;1.31718935042884;1.31718935042884;1.31718935042884;9.79335429536132;1.16574734525852;0.885026397213877;0.885026397213877;1.16574734525852;1.16574734525852;0.673646732401287;0.298066723353138;1.16574734525852;0.211543615073515;0.316675094564837;11.0656069990584;0.577866838077074;1.73050248622611;1.48445758273835;1.73050248622611;1.97236021975515;2.39738553346856;2.39738553346856;2.39738553346856;2.39738553346856;4.72715756347683;3.58882157826268;4.72715756347683;9.09504779;0.10145454085;5.10751224;1.07274723435842;-0.0648200870098582;2.97264922140788;1.73050248622611;54.8411820801917;1.73050248622611;-0.617654592822342;-0.358035310873549;-0.0280495545325211
"CC_F19";19;19;-0.00232496145450289;-0.00217094685205841;0.494914850700553;0.945790310475241;0.491006098966617;0.938320622485929;1.01839623925448;-0.0176759949845839;-0.0198285377091391;0.009114285340365;1.00005713799347;-0.0190918426567526;-0.0214168041112555;0.999942865271098;1.00214252426585;0.999942865271098;0.989306407857603;1.00005713799347;1.06766126893047;1.0079606989448;1.04560200235471;-0.012403572;-0.00921508397705742;-0.0199356639999999;0.992102173276064;-0.00176373824924068;-0.00600961384206889;1.01017799544723;1.01012027920132;-0.0306966134327198;-0.0106935921423973;0.992102173276064;0.0234140812900107;0.997862056330338;1.00005713799347;-0.00659794054935109;1.0206364916986;0.96930338656728;0.512351640548449;1.06573379720746;0.938320622485929;0.947816689165843;15.0091901400583;-0.0116308066799999;-0.00550358244420714;0.000458536398352862;0.000458536398352862;0.0204236037179832;0.000547742401753979;-0.00718461385093438;-0.00702305794787805;0.0267914541686038;-0.00775588299494571;-0.00758180787589625;-0.00561387492870457;-0.0116308066799999;1.6188492410747;-0.00550358244420714;-0.0104384848189524;-0.0105622333644124;-0.00537553797653217;-0.0108544118864764;2.85681805685857e-05;-0.00659794054935109;-0.0108544118864764;-0.00549929650861525;-0.00107011575843676;0.010212866977006;1.96077718199686;-0.00587832521013727;0.953197140340365;0.009114285340365;-0.009114285340365;-0.009114285340365;-0.010212866977006;-0.336914279803546;-0.00659794054935109;-0.0105622333644124;0.00506236914539545;0.0310782092829729;0.979096322788062;0.979096322788062;0.986890613851742;1.0101762542463;5.7137993465739e-05;1.02140656742504;-0.00753592042753187;2.85681805685857e-05;1.0079606989448;1.0206364916986;0.989061560703801;0.989061560703801;0.969233159730695;-0.00651439817443274;0.462927142159635;-3.76568485492062;-1.95064724204823;1.0206364916986;1.02057817790934;1.00219978467886;1.00214252426585;1.01328352500698;1.00214252426585;1.00219978467886;1.00219978467886;1.00219978467886;1.06766126893047;1.01017799544723;1.0079606989448;1.0079606989448;1.01017799544723;1.01017799544723;1.01012027920132;0.989752966568965;1.01017799544723;1.01080918111665;1.01105941200305;1.0592290652286;0.999942865271098;1.00005713799347;0.98998111471505;1.00005713799347;0.970796067281808;0.986890613851742;0.986890613851742;0.986890613851742;0.986890613851742;0.989306407857603;0.987134923576754;0.989306407857603;4.80369747;0.04950324501;0.0863077400000045;0.703295430117008;-0.00772124936756255;0.0192367193822004;1.00005713799347;0.00571363611527112;1.00005713799347;-0.905732339255646;-0.819951074045906;-0.669642412497149
"CC_F20";20;20;-0.0429957864278923;-0.0241163682093078;0.664188881288051;1.0196401550487;0.679787368853152;1.04358642203312;1.01951523398085;-0.0180739676753789;-0.042170974925054;0.00966332595688479;0.979008081641854;-0.0322490027920666;-0.0752447892199588;1.02144202765205;1.04750976721082;1.02144202765205;0.953634879085468;0.979008081641854;1.68810367432827;0.977053872608111;1.60663925434008;-0.0326580719999999;-0.00997148901783482;-0.019038196;1.02348501759748;-0.00701487947193428;-0.0228112673982808;1.00198880302661;1.02347347464815;-0.0878966529796699;-0.0463651209145316;1.02348501759748;0.010976229290362;0.954645036544795;0.979008081641854;-0.0282886240806869;1.04553380074836;0.91210334702033;0.958869873124924;0.958234008115782;1.04358642203312;1.06808302145386;0.613510013174317;-0.00271471068000016;-0.00161033248170217;-0.00662367439055953;-0.00662367439055953;0.0444981640933935;0.186900951856204;-0.0167284087797792;-0.0252082168630234;-0.0325830128157566;-0.0220235419057462;-0.0331718502805489;10.5550514944468;-0.00271471068000016;0.162281464766788;-0.00161033248170217;-0.024725577003095;-0.016687880486091;-0.0237327462827834;-0.0286898663947703;-0.0106072928922708;-0.0282886240806869;-0.0286898663947703;-0.015694727011525;-0.0232036828207838;0.0222601067416749;1.94346050032637;-0.0159646223125863;0.588451161956885;0.00966332595688479;-0.00966332595688479;-0.00966332595688479;-0.0222601067416749;-0.332137814561608;-0.0282886240806869;-0.016687880486091;-0.0329278414338911;-0.0338099898843877;0.967172067639653;0.967172067639653;0.944979214165716;0.93624367528291;-0.0209919183581462;0.94582014525512;-0.0167550937694355;-0.0106072928922708;0.977053872608111;1.04553380074836;0.969095582375024;0.969095582375024;1.03303455411584;-0.016363260667016;0.279730592043115;2.47752047690679;2.32772364566475;1.04553380074836;1.06795216541516;1.02552052769817;1.04750976721082;1.05822433447159;1.04750976721082;1.02552052769817;1.02552052769817;1.02552052769817;1.68810367432827;1.00198880302661;0.977053872608111;0.977053872608111;1.00198880302661;1.00198880302661;1.02347347464815;0.958351420403063;1.00198880302661;1.04861936358598;1.03188995821159;1.72774881882625;1.02144202765205;0.979008081641854;0.977064892027399;0.979008081641854;0.966395608298971;0.944979214165716;0.944979214165716;0.944979214165716;0.944979214165716;0.953634879085468;0.92990325725215;0.953634879085468;0.917955469999995;0.01023298962;-0.138153180000009;0.690121187703447;0.0237114509643695;0.0455396347908742;0.979008081641854;-2.12153814889127;0.979008081641854;-0.908976663515567;-0.825877913658358;-0.679646166265421
"CC_F21";21;21;-0.221541897522743;-0.0718536293859116;0.789303126942321;1.02294704651443;0.819099427913864;1.06156343739834;1.04605355864022;-0.0375488146365871;-0.109401357359491;0.0225084814841443;0.97774954251362;-0.115773712788421;-0.337315610311163;1.02275680684972;1.10892114609274;1.02275680684972;0.907218730692507;0.97774954251362;2.74749034589899;0.963623096346887;2.3856827810492;-0.055942077;-0.0243402135313404;-0.042108801;1.0377501367402;-0.0128314807210624;-0.0376643524802992;1.04480558940875;1.06858202840242;-0.200110860161755;-0.0927812693074929;1.0377501367402;0.0363755951812279;0.901777374814683;0.97774954251362;-0.0793943148301846;1.1341805826692;0.799889139838245;0.674346882930487;0.942006821985865;1.06156343739834;1.13436761121297;0.0307513365731437;0.00808702511999995;0.00562187577198992;-0.000326099809618796;-0.000326099809618796;0.125249257967465;0.0925154623685441;-0.0314200164393219;-0.0388497545814569;-0.0622901535432259;-0.0542439120048529;-0.0671831028763676;0.496600039861033;0.00808702511999995;-0.257384496778274;0.00562187577198992;-0.0704841928962759;-0.0609585732226806;-0.0486474193097947;-0.0794018288611371;-0.0112503919268266;-0.0793943148301846;-0.0794018288611371;-0.0390988915825858;-0.0516478040416736;0.0628721785582845;1.82089394950217;-0.0366646435332584;0.373236955484144;0.0225084814841443;-0.0225084814841443;-0.0225084814841443;-0.0628721785582845;-0.326225576212076;-0.0793943148301846;-0.0609585732226806;-0.0821316537504191;-0.046466834889261;0.885087740914298;0.885087740914298;0.852890989438507;0.84820395288176;-0.0222504574863802;0.896821684610256;-0.0321245102640265;-0.0112503919268266;0.963623096346887;1.1341805826692;0.924744618824419;0.924744618824419;1.04348457456161;-0.0336929306420874;0.152855755515856;2.45009448096656;1.53574299111485;1.1341805826692;1.1599909111217;1.08424714327585;1.10892114609274;1.17248278195358;1.10892114609274;1.08424714327585;1.08424714327585;1.08424714327585;2.74749034589899;1.04480558940875;0.963623096346887;0.963623096346887;1.04480558940875;1.04480558940875;1.06858202840242;0.921198621607399;1.04480558940875;1.10227001071359;1.08137963675988;2.85120848214907;1.02275680684972;0.97774954251362;0.935819594023159;0.97774954251362;0.885074355479011;0.852890989438507;0.852890989438507;0.852890989438507;0.852890989438507;0.907218730692507;0.836726881245461;0.907218730692507;2.174344885;0.0237137554899999;0.713682739999998;0.671827790948101;0.0379678610787716;0.130901095306271;0.97774954251362;-2.25017332437136;0.97774954251362;-0.913214785536186;-0.833648017319094;-0.692844036406232
"CC_F22";22;22;-0.521507133357115;-0.0894364754769174;0.890031525589035;1.01313899162819;0.918219442831715;1.04522580791534;1.03562052679483;-0.0283339974119982;-0.117707695424723;0.0174986085696993;0.987261354607377;-0.165332554156763;-0.686839687513879;1.01290301229069;1.12279586034292;1.01290301229069;0.908572809280376;0.987261354607377;5.1647646056255;0.969301546092565;4.36735427210727;-0.036541181;-0.0191495012179936;-0.030154756;1.03167069528692;-0.0110633953480414;-0.0264640942873502;1.07446394192813;1.08832776337673;-0.208545148417656;-0.0914271907196239;1.03167069528692;0.0391260823173966;0.890633850123547;0.987261354607377;-0.0962791931955818;1.14797806528557;0.791454851582344;0.551127653783395;0.956731064643784;1.04522580791534;1.13754826575213;-0.409764109729646;0.00846522336;0.00677311693889726;0.00213220098449089;0.00213220098449089;0.137132747777548;0.0492117895567845;-0.0236775150399502;-0.0251196788051269;-0.0639625120348312;-0.0623181152996284;-0.0661791232497038;0.171071327447573;0.00846522336;-0.357521612623493;0.00677311693889726;-0.0836550974391432;-0.0808119813469591;-0.0479034335368617;-0.0966270114070008;-0.00641015101666892;-0.0962791931955818;-0.0966270114070008;-0.0450471431639477;-0.0578462878305631;0.0688917953479636;1.7687044976362;-0.0361506789317269;0.205174450569699;0.0174986085696993;-0.0174986085696993;-0.0174986085696993;-0.0688917953479636;-0.319206003841783;-0.0962791931955818;-0.0808119813469591;-0.0887525215983162;-0.0175490360245144;0.850460611574184;0.850460611574184;0.824352785689685;0.836964746647796;-0.0127386453926234;0.904259860177402;-0.0269971858899564;-0.00641015101666892;0.969301546092565;1.14797806528557;0.913789261166602;0.913789261166602;1.01612477106167;-0.0282475560065702;0.0763393124303007;2.42740270461585;1.30243408369811;1.14797806528557;1.16279044037139;1.10849296202971;1.12279586034292;1.21307287044995;1.12279586034292;1.10849296202971;1.10849296202971;1.10849296202971;5.1647646056255;1.07446394192813;0.969301546092565;0.969301546092565;1.07446394192813;1.07446394192813;1.08832776337673;0.935962083614241;1.07446394192813;1.10062725825136;1.09434422409751;5.32833629167893;1.01290301229069;0.987261354607377;0.918840843403024;0.987261354607377;0.849863654233175;0.824352785689685;0.824352785689685;0.824352785689685;0.824352785689685;0.908572809280376;0.81964689033003;0.908572809280376;1.25263672;0.01368401351;0.67101616;0.672381265699111;0.0311858819295432;0.144380025039505;0.987261354607377;-1.28204776332248;0.987261354607377;-0.913090882140258;-0.833420407020171;-0.69245608419911
"CC_F23";23;23;-1.15742342526622;-0.100829257668662;0.971595450938861;1.04494868500395;0.977479023446833;1.05127645377786;1.08186495735335;-0.0643027157322115;-0.164407985372171;0.0393228951110374;1.03529212734442;-0.743472044622388;-1.90089546988861;0.965910947825954;1.079697175406;0.965910947825954;0.974592637563427;1.03529212734442;10.9164784131876;0.993980870825008;9.57552916387605;-0.014664234;-0.0411004568307758;-0.01405161;1.00605557848412;-0.00237740655827348;-0.00442415717747563;1.11107379107037;1.07319833863736;-0.194092503282258;-0.0254073624365732;1.00605557848412;0.0546313615302949;0.926185622023105;1.03529212734442;-0.0776317588024402;1.20931079749561;0.805907496717742;0.186160226402832;0.95122457694777;1.05127645377786;1.12822814364298;0.452302575263695;0.01106226504;0.0101257905396461;0.0048824596207494;0.0048824596207494;0.187795030008891;-0.117327823042705;-0.00666945549161801;-0.00391642233218359;-0.0612319134700047;-0.0309179207412242;-0.0180809325535354;-0.317735867339422;0.01106226504;-1.65864590503719;0.0101257905396461;-0.0654376709684823;-0.0746305985576244;-0.0128671412792893;-0.0812121466688909;0.0173400795248352;-0.0776317588024402;-0.0812121466688909;-0.0221025569914633;-0.0383215288978049;0.0947403134646702;1.78671583664389;-0.0135082257773451;0.130376148111037;0.0393228951110374;-0.0393228951110374;-0.0393228951110374;-0.0947403134646702;-0.328064866758638;-0.0776317588024402;-0.0746305985576244;-0.0818748536270017;-0.015759507311149;0.86110464627046;0.86110464627046;0.855921546171372;0.848642653348463;0.0352921273444233;0.918309192335149;-0.00932949234316867;0.0173400795248352;0.993980870825008;1.20931079749561;0.956750803840034;0.956750803840034;1.01468461769253;-0.00871018010057284;0.00620373138896262;4.88552227284038;1.36917328334618;1.20931079749561;1.16808653862515;1.11780198561385;1.079697175406;1.16833137858616;1.079697175406;1.11780198561385;1.11780198561385;1.11780198561385;10.9164784131876;1.11107379107037;0.993980870825008;0.993980870825008;1.11107379107037;1.11107379107037;1.07319833863736;0.918766121472924;1.11107379107037;1.02606972539839;1.04520424334778;10.9825840049888;0.965910947825954;1.03529212734442;0.931794211748127;1.03529212734442;0.854921624895768;0.855921546171372;0.855921546171372;0.855921546171372;0.855921546171372;0.974592637563427;0.871883079567285;0.974592637563427;0.892484215000001;0.00972475251;0.62185794;0.697949037337763;0.00610828713328662;0.201015861384996;1.03529212734442;3.46836355346327;1.03529212734442;-0.907069218992313;-0.822391104663397;-0.673754280271437
"CC_F24";24;24;-2.10688897438535;-0.071439776131878;1.04887972354321;1.06108612152492;1.026518760443;1.03846493143325;1.06015339007224;-0.055300363273006;-0.131888861977372;0.0291985006369505;1.04665865908198;-1.52126921966626;-3.62815819405161;0.955421322245685;1.03050091410103;0.955421322245685;0.966340209530514;1.04665865908198;29.5479209023443;1.02178329706372;25.9086466243445;-0.003390273;-0.0297778945366669;-0.004202746;0.978681098892183;-0.00189236662710326;-0.00260651130749587;1.10207779240514;1.05294862163733;-0.154900407244718;-0.0336597904694861;0.978681098892183;0.0321472293671473;0.970401856336406;1.04665865908198;-0.0476123895100573;1.14346311111091;0.845099592755282;0.247976940185945;0.962959816678488;1.03846493143325;1.09345021817134;0.236719865947945;0.00327030588;0.00349688640648069;0.00191985688124335;0.00191985688124335;0.133264067383823;-0.192581857452744;-0.00125873401763366;-0.00217766553016663;-0.0456105794472203;-0.0138257217686975;-0.0240039148831503;-0.457089225605441;0.00327030588;-2.59809128392984;0.00349688640648069;-0.0656238645900401;-0.0583567517315979;-0.0171179891996018;-0.0128516514958124;0.0227974796260883;-0.0476123895100573;-0.0128516514958124;-0.00982416605848455;-0.0150213742280096;0.0669305248908864;1.90355890276196;-0.00341590597986796;0.0637790486369505;0.0291985006369505;-0.0291985006369505;-0.0291985006369505;-0.0669305248908864;-0.330498219755841;-0.0476123895100573;-0.0583567517315979;-0.0475575214355826;0.0225610411440782;0.889721964477253;0.889721964477253;0.909103042333578;0.909203035704599;0.0466586590819786;0.970508592039997;-0.002571009897062;0.0227974796260883;1.02178329706372;1.14346311111091;0.980542818465456;0.980542818465456;0.97857346438329;-0.00177534010482708;-0.0119082266369505;8.42497770643837;1.34879957056648;1.14346311111091;1.09248903755675;1.07858270493573;1.03050091410103;1.09998531897231;1.03050091410103;1.07858270493573;1.07858270493573;1.07858270493573;29.5479209023443;1.10207779240514;1.02178329706372;1.02178329706372;1.10207779240514;1.10207779240514;1.05294862163733;0.963807036446014;1.10207779240514;1.03483223624301;1.01984327575311;28.9179916986856;0.955421322245685;1.04665865908198;0.949713955126328;1.04665865908198;0.953844947635628;0.909103042333578;0.909103042333578;0.909103042333578;0.909103042333578;0.966340209530514;0.895935198208182;0.966340209530514;0.171548815;0.00191358158;0.20550624;0.694897122457993;-0.0213166067053228;0.143607584363684;1.04665865908198;4.56028606641676;1.04665865908198;-0.907819848397647;-0.823762496682221;-0.676069357229445
